paper_key,title,year,venue,source,verdict,reason,type,override_verdict
doi:10.3390/app15105533,Discovering the Chimera of (Un)Happiness in Agile Software Development Communities: A Systematic Literature Review,2025,Applied Sciences,semanticscholar,EXCLUDE,subfield keywords not in title or abstract,,
doi:10.61467/2007.1558.2025.v16i4.1150,"A Systematic Literature Review on Technical Debt in Software Development: Types, Tools, and Concerns",2025,International Journal of Combinatorial Optimization Problems and Informatics,semanticscholar,INCLUDE,SLR/SMS self-label + subfield fit,slr,
ss:0e3ac7de691a092785b476a408d3f7bf76eb16ae,Trade-off Decisions Across Time in Technical Debt Management : Dataset of Papers used in a Systematic Literature Review,2018,,semanticscholar,EXCLUDE,manual override; original auto verdict was EXCLUDE,slr,EXCLUDE
doi:10.1016/j.jss.2017.09.025,Managing architectural technical debt: A unified model and systematic literature review,2018,Journal of Systems and Software,semanticscholar,INCLUDE,SLR/SMS self-label + subfield fit,slr,
doi:10.1145/3629479.3629513,Variability Debt: A Multi-method Study,2023,Brazilian Symposium on Software Quality,semanticscholar,EXCLUDE,manual override; original auto verdict was EXCLUDE,slr,EXCLUDE
doi:10.1002/sys.21681,Technical debt in systems engineering—A systematic literature review,2023,Systems Engineering,semanticscholar,INCLUDE,SLR/SMS self-label + subfield fit,slr,
ss:15d04f8a8ba013bde44a500ed170b2929906fb9e,RISK-RETURN PERFORMANCE OF RELATED VERSUS UNRELATED ACQUISITIONS,2009,,semanticscholar,EXCLUDE,subfield keywords not in title or abstract,,
doi:10.1016/j.jss.2022.111483,Identification and measurement of Requirements Technical Debt in software development: A systematic literature review,2022,Journal of Systems and Software,semanticscholar,INCLUDE,SLR/SMS self-label + subfield fit,slr,
doi:10.21608/jcsr.2025.417802.1019,Systematic Literature Review of Technical Debt Competencies and Costs in Software Engineering: A Business Perspective,2025,مجلة الدراسات والبحوث التجارية,semanticscholar,INCLUDE,SLR/SMS self-label + subfield fit,slr,
doi:10.17762/turcomat.v12i3.900,Towards Achieving Long-Term Debt Sustainability: A Systematic Review of the Key Determinants of Personal Bankruptcy,2021,,semanticscholar,EXCLUDE,subfield keywords not in title or abstract,,
doi:10.2478/ausi-2021-0016,Reproducibility in the technical debt domain,2021,Acta Universitatis Sapientiae: Informatica,semanticscholar,EXCLUDE,manual override; original auto verdict was EXCLUDE,slr,EXCLUDE
doi:10.1145/3701625.3701658,Eliciting Public Discourse of SE Tool Providers in a Study on Requirements Process Debt - A Different Shade of Gray,2024,Brazilian Symposium on Software Quality,semanticscholar,EXCLUDE,subfield keywords not in title or abstract,,
doi:10.1007/s10664-021-09999-9,Industry practices and challenges for the evolvability assurance of microservices,2021,Empirical Software Engineering,semanticscholar,EXCLUDE,no SLR/SMS self-label in title or abstract,,
doi:10.30574/wjaets.2025.15.2.0459,Demystifying data pipelines for AI-driven financial systems,2025,World Journal of Advanced Engineering Technology and Sciences,semanticscholar,EXCLUDE,manual override; original auto verdict was EXCLUDE,slr,EXCLUDE
doi:10.1109/amitic68284.2025.11214613,Social Debt in Agile Software Development,2025,"2025 IEEE VIII Congreso Internacional en Inteligencia Ambiental, Ingenieria de Software y Salud Electronica y Movil (AmITIC)",semanticscholar,INCLUDE,SLR/SMS self-label + subfield fit,slr,
doi:10.1145/3758316.3765482,Reproducibility Debt in Scientific Software,2025,"Companion Proceedings of the 2025 ACM SIGPLAN International Conference on Systems, Programming, Languages, and Applications: Software for Humanity",semanticscholar,EXCLUDE,subfield keywords not in title or abstract,,
doi:10.1145/3524843.3528092,An Architecture Smell Knowledge Base for Managing Architecture Technical Debt,2022,2022 IEEE/ACM International Conference on Technical Debt (TechDebt),semanticscholar,EXCLUDE,manual override; original auto verdict was EXCLUDE,slr,EXCLUDE
doi:10.5220/0007675900950106,Automated Measurement of Technical Debt: A Systematic Literature Review,2019,International Conference on Enterprise Information Systems,semanticscholar,INCLUDE,SLR/SMS self-label + subfield fit,slr,
doi:10.1109/seaa53835.2021.00034,"Technical Debt Prioritization: Taxonomy, Methods Results, and Practical Characteristics",2021,EUROMICRO Conference on Software Engineering and Advanced Applications,semanticscholar,INCLUDE,SLR/SMS self-label + subfield fit,slr,
doi:10.1016/j.infsof.2016.10.004,Analyzing the concept of technical debt in the context of agile software development: A systematic literature review,2017,Information and Software Technology,semanticscholar,INCLUDE,SLR/SMS self-label + subfield fit,slr,
ss:5c1fc36810af573bb166635a79f9fa4125de65a6,Towards a Theory on Architecting for Continuous Deployment,2021,arXiv.org,semanticscholar,EXCLUDE,manual override; original auto verdict was EXCLUDE,slr,EXCLUDE
doi:10.1109/iccsa50381.2020.00018,Continuous practices and technical debt: a systematic literature review,2020,Communication Systems and Applications,semanticscholar,INCLUDE,SLR/SMS self-label + subfield fit,slr,
ss:5fc62339115dd42c4b6a521204ce70f37a24bfec,Identification and Measurement of Technical Debt Requirements in Software Development: a Systematic Literature Review,2021,arXiv.org,semanticscholar,INCLUDE,SLR/SMS self-label + subfield fit,slr,
doi:10.1145/3592813.3592925,Identifying and Measuring Technical Debt in Software Requirements: a supporting guide,2023,Brazilian Symposium on Information Systems,semanticscholar,EXCLUDE,manual override; original auto verdict was EXCLUDE,slr,EXCLUDE
doi:10.48550/arxiv.2412.14217,Development and Adoption of SATD Detection Tools: A State-of-practice Report,2024,BElgian-NEtherlands software eVOLution symposium,semanticscholar,INCLUDE,SLR/SMS self-label + subfield fit,slr,
doi:10.3390/app15137165,A Scoping Review and Assessment Framework for Technical Debt in the Development and Operation of AI/ML Competition Platforms,2025,Applied Sciences,semanticscholar,EXCLUDE,no SLR/SMS self-label in title or abstract,,
doi:10.1145/3387906.3388630,A Systematic Literature Review of Technical Debt Prioritization,2020,2020 IEEE/ACM International Conference on Technical Debt (TechDebt),semanticscholar,INCLUDE,SLR/SMS self-label + subfield fit,slr,
doi:10.1109/colcom66267.2025.11185782,Process debt in agile software development: a systematic literature review,2025,2025 IEEE Colombian Conference on Communications and Computing (COLCOM),semanticscholar,EXCLUDE,subfield keywords not in title or abstract,,
doi:10.24251/hicss.2025.758,Creating an Encouraging Context: A Systematic Literature Review of Contextual Factors to Manage Technical Debt,2025,Proceedings of the Annual Hawaii International Conference on System Sciences,semanticscholar,INCLUDE,SLR/SMS self-label + subfield fit,slr,
doi:10.48550/arxiv.2209.10671,Community Smells - The Sources of Social Debt: A Systematic Literature Review,2022,Information and Software Technology,semanticscholar,EXCLUDE,subfield keywords not in title or abstract,,
doi:10.33022/ijcs.v12i6.3612,Lean and Agile Software Development for Managing Technical Debt on A Large-scale Software: A Systematic Literature Review,2024,Indonesian Journal of Computer Science,semanticscholar,INCLUDE,SLR/SMS self-label + subfield fit,slr,
doi:10.12720/jait.14.5.991-1002,Research Opportunities in Microservices Quality Assessment: A Systematic Literature Review,2023,Journal of Advances in Information Technology,semanticscholar,EXCLUDE,manual override; original auto verdict was EXCLUDE,slr,EXCLUDE
ss:885e1b652813280a89faccfe59f1813d60f76d7e,Budgetierung in Organisationen – heftig umstritten und heiß geliebt für das Masterseminar im Wintersemester 2022/2023 Better budgeting or beyond budgeting? In: Measuring Business Vol. No. pp.,2022,,semanticscholar,EXCLUDE,subfield keywords not in title or abstract,,
doi:10.1145/3275245.3275267,"Technical Debt Management in Brazilian Software Organizations: A Need, an Expectation, or a Fact?",2018,Brazilian Symposium on Software Quality,semanticscholar,EXCLUDE,manual override; original auto verdict was EXCLUDE,slr,EXCLUDE
doi:10.48550/arxiv.2407.14991,Investigating the use of Snowballing on Gray Literature Reviews,2024,arXiv.org,semanticscholar,EXCLUDE,manual override; original auto verdict was EXCLUDE,slr,EXCLUDE
doi:10.1016/j.jss.2016.10.018,Identification and analysis of the elements required to manage technical debt by means of a systematic mapping study,2017,Journal of Systems and Software,semanticscholar,INCLUDE,SLR/SMS self-label + subfield fit,sms,
doi:10.1109/seaa.2016.42,A Systematic Literature Review and a Unified Model of ATD,2016,EUROMICRO Conference on Software Engineering and Advanced Applications,semanticscholar,EXCLUDE,subfield keywords not in title or abstract,,
doi:10.1007/978-3-030-64148-1_15,A Systematic-Oriented Process for Tool Selection: The Case of Green and Technical Debt Tools in Architecture Reconstruction,2020,International Conference on Product Focused Software Process Improvement,semanticscholar,EXCLUDE,no SLR/SMS self-label in title or abstract,,
doi:10.1109/fie63693.2025.11328472,"Assessing Refactoring in Education: A Systematic Literature Review on Evaluation, Goals, and Impact",2025,Frontiers in Education Conference,semanticscholar,EXCLUDE,manual override; original auto verdict was EXCLUDE,slr,EXCLUDE
doi:10.1007/978-3-030-58793-2_5,Applying Machine Learning in Technical Debt Management: Future Opportunities and Challenges,2020,Quality of Information and Communications Technology,semanticscholar,EXCLUDE,no SLR/SMS self-label in title or abstract,,
ss:a3577abb868c2792cd1f21f5b697c124231c7ba2,Impacts of Changing Renewable Energy Market Design on Institutional Onshore Wind Project Lenders,2016,,semanticscholar,EXCLUDE,subfield keywords not in title or abstract,,
doi:10.1145/3364641.3364679,Technologies to Support the Technical Debt Management in Software Projects: A Qualitative Research,2019,Brazilian Symposium on Software Quality,semanticscholar,EXCLUDE,manual override; original auto verdict was EXCLUDE,slr,EXCLUDE
ss:c1a2bcd962f09ad2a5b26676e393f094e529ebb1,Technical Debt: An empirical investigation of its harmfulness and on management strategies in industry,2020,,semanticscholar,EXCLUDE,no SLR/SMS self-label in title or abstract,,
doi:10.48550/arxiv.2407.21007,The Dual-Edged Sword of Technical Debt: Benefits and Issues Analyzed Through Developer Discussions,2024,arXiv.org,semanticscholar,EXCLUDE,no SLR/SMS self-label in title or abstract,,
doi:10.12816/0027128,Effectiveness of Corporate Governance Practices in Nigeria : A Comparative Analysis of Selected Firms,2016,,semanticscholar,EXCLUDE,subfield keywords not in title or abstract,,
doi:10.1007/s10664-022-10134-5,A comprehensive overview of software product management challenges,2022,Empirical Software Engineering,semanticscholar,EXCLUDE,manual override; original auto verdict was EXCLUDE,slr,EXCLUDE
doi:10.1007/978-3-030-57599-1_10,Technical Debt Management: A Systematic Literature Review and Research Agenda for Digital Government,2020,International Conference on Electronic Government,semanticscholar,INCLUDE,SLR/SMS self-label + subfield fit,slr,
doi:10.1109/uyms50627.2020.9247070,Methods for Identifying Architectural Debt: A Systematic Mapping Study,2020,Ulusal Yazılım Mühendisliği Sempozyumu,semanticscholar,INCLUDE,SLR/SMS self-label + subfield fit,sms,
doi:10.1109/isitia63062.2024.10667758,The Influence of Portfolio Management on Evaluating IT Investments in Digital Transformation: A Systematic Literature Review,2024,International Seminar on Intelligent Technology and Its Applications,semanticscholar,EXCLUDE,manual override; original auto verdict was EXCLUDE,slr,EXCLUDE
doi:10.1016/j.infsof.2015.04.001,The financial aspect of managing technical debt: A systematic literature review,2015,Information and Software Technology,semanticscholar,INCLUDE,SLR/SMS self-label + subfield fit,slr,
doi:10.60079/aaar.v3i1.431,The Effect of Financial Scandals on Regulation and its Impact on Corporate Financial Decisions,2025,Advances in Applied Accounting Research,semanticscholar,EXCLUDE,subfield keywords not in title or abstract,,
doi:10.1016/j.jss.2020.110827,"A systematic literature review on Technical Debt prioritization: Strategies, processes, factors, and tools",2021,Journal of Systems and Software,semanticscholar,INCLUDE,SLR/SMS self-label + subfield fit,slr,
doi:10.3389/fpsyg.2015.02047,Book Review: Memory: A History,2016,Frontiers in Psychology,semanticscholar,EXCLUDE,subfield keywords not in title or abstract,,
doi:10.26686/wgtn.17059994.v1,Good tax policy on shaky ground? An assessment of tax policy responses to natural disasters,2017,,semanticscholar,EXCLUDE,subfield keywords not in title or abstract,,
ss:ecd5e2bb6b635c01b8dd0ee37487f2a78fa8b680,Technical Debt Prioritization: State of the Art. A Systematic Literature Review,2019,arXiv.org,semanticscholar,INCLUDE,SLR/SMS self-label + subfield fit,slr,
doi:10.48550/arxiv.2406.12026,Systematic literature review on forecasting and prediction of technical debt evolution,2024,arXiv.org,semanticscholar,INCLUDE,SLR/SMS self-label + subfield fit,slr,
doi:10.1109/amitic62658.2024.10747594,Deuda Social y Riesgos psicosociales en entornos de desarrollo de software ágil: Análisis preliminar de una Revisión Sistemática de la Literatura,2024,"2024 IEEE VII Congreso Internacional en Inteligencia Ambiental, Ingeniería de Software y Salud Electrónica y Móvil (AmITIC)",semanticscholar,EXCLUDE,subfield keywords not in title or abstract,,
doi:10.21580/al-arbah.2024.6.1.20934,Shari’ah-compliant Financing Mechanisms for Belt and Road Initiative: Mitigating Debt Trap Risks,2024,AL-ARBAH: Journal of Islamic Finance and Banking,semanticscholar,EXCLUDE,subfield keywords not in title or abstract,,
ss:f3934a481b85bfe1b44edb08f9cd2d077e09f491,Anukarna: A Software Engineering Simulation Game for Teaching Practical Decision Making in Peer Code Review,2015,QuASoQ/WAWSE/CMCE@APSEC,semanticscholar,EXCLUDE,subfield keywords not in title or abstract,,
doi:10.1145/3194164.3194171,Trade-Off Decisions across Time in Technical Debt Management: A Systematic Literature Review,2018,2018 IEEE/ACM International Conference on Technical Debt (TechDebt),semanticscholar,INCLUDE,SLR/SMS self-label + subfield fit,slr,
doi:10.6092/polito/porto/2537291,Empirical characterization of software quality,2014,,semanticscholar,EXCLUDE,subfield keywords not in title or abstract,,
ss:f67aa0783b0f81ec4c766b5ed6fb8ad1035973d1,An Empirical Investigation of the Harmfulness of Architectural Technical Debt,2018,,semanticscholar,EXCLUDE,no SLR/SMS self-label in title or abstract,,
ss:fdd97b88db207bd2429c1b73454dd19f9a351136,Systematically reviewing the layered architectural pattern principles and their use to reconstruct software architectures,2021,arXiv.org,semanticscholar,EXCLUDE,manual override; original auto verdict was EXCLUDE,slr,EXCLUDE
doi:10.5937/medgla1243054t,Some questions regarding the financing of health care in member states of the European Union,2012,,semanticscholar,EXCLUDE,subfield keywords not in title or abstract,,
ss:059a3a72e08eccfe4186e1865762f422d4aa4d11,Leveraging Program Commonalities and Variations for Systematic Software Development and Maintenance,2019,,semanticscholar,EXCLUDE,subfield keywords not in title or abstract,,
ss:079031a3d3621a587ef1311eb0b685581bc15610,Advanced project financing : structuring risk,2000,,semanticscholar,EXCLUDE,subfield keywords not in title or abstract,,
doi:10.1002/smr.70104,Self‐Admitted Technical Debt Detection Approaches: A Decade Systematic Review,2023,Journal of Software: Evolution and Process,semanticscholar,INCLUDE,SLR/SMS self-label + subfield fit,slr,
doi:10.23919/cisti52073.2021.9476368,Agile Development Practices Applied to Software Startups : A Systematic Mapping Review,2021,Iberian Conference on Information Systems and Technologies,semanticscholar,EXCLUDE,manual override; original auto verdict was EXCLUDE,sms,EXCLUDE
doi:10.1109/ms.2021.3060552,Can We Really Achieve Software Quality?,2021,IEEE Software,semanticscholar,EXCLUDE,no SLR/SMS self-label in title or abstract,,
doi:10.1002/smr.2516,"The Pandora's box of social, process, and people debts in software engineering",2022,J. Softw. Evol. Process.,semanticscholar,INCLUDE,SLR/SMS self-label + subfield fit,slr,
doi:10.18267/j.efaj.30,Unlimited Possibilities for Fiscal Transparency Improvement,2011,,semanticscholar,EXCLUDE,subfield keywords not in title or abstract,,
doi:10.70315/uloap.ulirs.2024.0102010,Proactive Cybersecurity Methodology: An AI-Assisted Framework for Continuous Source-Code Vulnerability Analysis and Remediation,2024,Universal Library of Innovative Research and Studies,semanticscholar,EXCLUDE,no SLR/SMS self-label in title or abstract,,
doi:10.4337/9781849805582,Handbook of Alternative Theories of Economic Growth,2011,,semanticscholar,EXCLUDE,subfield keywords not in title or abstract,,
ss:cf688343ea69da1ebfc212e7cb88f40d1ffa33d4,Software Development in Startup Companies,2012,,semanticscholar,EXCLUDE,subfield keywords not in title or abstract,,
doi:10.1111/jbi.12235,The geographical distribution of life and the problem of regionalization: 100 years after Alfred Russel Wallace,2013,,semanticscholar,EXCLUDE,subfield keywords not in title or abstract,,
doi:10.2139/ssrn.2079298,Invisible Pension Investments,2012,,semanticscholar,EXCLUDE,subfield keywords not in title or abstract,,
doi:10.1145/3131151.3131164,Understanding Technical Debt at the Code Level from the Perspective of Software Developers,2017,Brazilian Symposium on Software Engineering,semanticscholar,EXCLUDE,no SLR/SMS self-label in title or abstract,,
doi:10.1109/re57278.2023.00021,Quantifying Requirements Technical Debt: A Systematic Mapping Study and a Conceptual Model,2023,IEEE International Requirements Engineering Conference,semanticscholar,INCLUDE,SLR/SMS self-label + subfield fit,sms,
doi:10.5121/ijsea.2018.9501,"Investigate, Identify and Estimate the Technical Debt: A Systematic Mapping Study",2018,International Journal of Software Engineering & Applications,semanticscholar,INCLUDE,SLR/SMS self-label + subfield fit,sms,
doi:10.1145/3613372.3613399,Architectural Technical Debt - A Systematic Mapping Study,2023,Brazilian Symposium on Software Engineering,semanticscholar,INCLUDE,SLR/SMS self-label + subfield fit,sms,
doi:10.1109/sam.2015.11,An Analysis of Techniques and Methods for Technical Debt Management: A Reflection from the Architecture Perspective,2015,2015 IEEE/ACM 2nd International Workshop on Software Architecture and Metrics,semanticscholar,EXCLUDE,no SLR/SMS self-label in title or abstract,,
doi:10.1109/mtd.2015.7332628,A framework to aid in decision making for technical debt management,2015,2015 IEEE 7th International Workshop on Managing Technical Debt (MTD),semanticscholar,EXCLUDE,no SLR/SMS self-label in title or abstract,,
doi:10.1007/s00766-024-00424-3,Modelling the quantification of requirements technical debt,2024,Requirements Engineering,semanticscholar,EXCLUDE,manual override; original auto verdict was EXCLUDE,slr,EXCLUDE
doi:10.5753/sbqs.2017.15116,"Organização do Corpo de Conhecimento sobre Dívida Técnica: Tipos, Indicadores, Estratégias de Gerenciamento e Causas",2017,Brazilian Symposium on Software Quality,semanticscholar,EXCLUDE,subfield keywords not in title or abstract,,
doi:10.48550/arxiv.2303.06535,Quantifying Technical Debt: A Systematic Mapping Study and a Conceptual Model,2023,arXiv.org,semanticscholar,INCLUDE,SLR/SMS self-label + subfield fit,sms,
doi:10.1145/3524843.3528097,Comprehending the Use of Intelligent Techniques to Support Technical Debt Management,2022,2022 IEEE/ACM International Conference on Technical Debt (TechDebt),semanticscholar,INCLUDE,SLR/SMS self-label + subfield fit,slr,
doi:10.1109/mtd.2014.9,Towards an Ontology of Terms on Technical Debt,2014,2014 Sixth International Workshop on Managing Technical Debt,semanticscholar,EXCLUDE,no SLR/SMS self-label in title or abstract,,
ss:3d0549ee874c6610c1995eebe32bbba5de697a6b,Jacques Pervititch and His Insurance Maps of Istanbul,2003,,semanticscholar,EXCLUDE,subfield keywords not in title or abstract,,
doi:10.5753/ise.2022.227051,Shedding Light on How Intelligent Techniques can Support Technical Debt Management and Influence Software Quality Attributes,2022,International Symposium on Information Science and Engineering,semanticscholar,INCLUDE,SLR/SMS self-label + subfield fit,slr,
doi:10.1016/j.infsof.2019.106225,Management of quality requirements in agile and rapid software development: A systematic mapping study,2020,Information and Software Technology,semanticscholar,EXCLUDE,manual override; original auto verdict was EXCLUDE,sms,EXCLUDE
doi:10.1016/j.infsof.2023.107375,Technical Debt Management Automation: State of the Art and Future Perspectives,2023,Information and Software Technology,semanticscholar,INCLUDE,SLR/SMS self-label + subfield fit,slr,
doi:10.1145/3675393,"A Systematic Mapping Study Exploring Quantification Approaches to Code, Design, and Architecture Technical Debt",2024,ACM Transactions on Software Engineering and Methodology,semanticscholar,INCLUDE,SLR/SMS self-label + subfield fit,sms,
ss:730af31793ea1af2e4968e7d025197c58162a56e,Exploring Empirical Engineering Approaches in Startup Companies: The Trilateral Hardware Startup Model,2018,,semanticscholar,EXCLUDE,subfield keywords not in title or abstract,,
doi:10.1145/3194164.3194176,Architectural Technical Debt Identification: The Research Landscape,2018,2018 IEEE/ACM International Conference on Technical Debt (TechDebt),semanticscholar,EXCLUDE,no SLR/SMS self-label in title or abstract,,
doi:10.1109/conisoft55708.2022.00032,A Systematic Mapping Study on Technical Debt in Microservices,2022,2022 10th International Conference in Software Engineering Research and Innovation (CONISOFT),semanticscholar,INCLUDE,SLR/SMS self-label + subfield fit,sms,
doi:10.1145/3701625.3701669,Technical Debt Management in Agile Software Development: A Systematic Mapping Study,2024,Brazilian Symposium on Software Quality,semanticscholar,INCLUDE,SLR/SMS self-label + subfield fit,sms,
doi:10.1109/techdebt66644.2025.00012,Requirements Technical Debt Through the Lens of Environment Assumptions,2025,2025 IEEE/ACM International Conference on Technical Debt (TechDebt),semanticscholar,EXCLUDE,manual override; original auto verdict was EXCLUDE,slr,EXCLUDE
ss:9e8dcb9133c51f702137a986f5e063823c543e63,Managing technical debt in software architecture,2015,,semanticscholar,EXCLUDE,no SLR/SMS self-label in title or abstract,,
doi:10.1007/978-3-031-08965-7_14,Exploring Technical Debt Tools: A Systematic Mapping Study,2021,International Conference on Enterprise Information Systems,semanticscholar,INCLUDE,SLR/SMS self-label + subfield fit,sms,
ss:a4252d6a5d9522a85984379f8ee3bf118df782c1,A systematic mapping study on technical debt definition,2015,,semanticscholar,INCLUDE,SLR/SMS self-label + subfield fit,sms,
doi:10.37190/e-inf200102,Technical Debt Aware Estimations in Software Engineering: A Systematic Mapping Study,2020,e-Informatica Software Engineering Journal,semanticscholar,INCLUDE,SLR/SMS self-label + subfield fit,sms,
doi:10.1109/techdebt52882.2021.00016,Characterizing Technical Debt and Antipatterns in AI-Based Systems: A Systematic Mapping Study,2021,2021 IEEE/ACM International Conference on Technical Debt (TechDebt),semanticscholar,INCLUDE,SLR/SMS self-label + subfield fit,sms,
doi:10.5220/0005914605720579,Decision Criteria for the Payment of Technical Debt in Software Projects: A Systematic Mapping Study,2016,International Conference on Enterprise Information Systems,semanticscholar,INCLUDE,SLR/SMS self-label + subfield fit,sms,
doi:10.1109/tse.2022.3214764,Managing Technical Debt Using Intelligent Techniques - A Systematic Mapping Study,2023,IEEE Transactions on Software Engineering,semanticscholar,INCLUDE,SLR/SMS self-label + subfield fit,sms,
doi:10.1109/esem64174.2025.00074,"Invisible Risks, Visible Code: A Vision for Understanding Ethical Debt in AI-Based Coding",2025,International Symposium on Empirical Software Engineering and Measurement,semanticscholar,EXCLUDE,no SLR/SMS self-label in title or abstract,,
doi:10.1016/j.jss.2014.12.027,A systematic mapping study on technical debt and its management,2015,Journal of Systems and Software,semanticscholar,INCLUDE,SLR/SMS self-label + subfield fit,sms,
doi:10.1016/j.infsof.2015.10.008,Identification and management of technical debt: A systematic mapping study,2016,Information and Software Technology,semanticscholar,INCLUDE,SLR/SMS self-label + subfield fit,sms,
doi:10.1109/seaa56994.2022.00050,"Quantifying TD Interest: Are we Getting Closer, or Not Even That?",2022,EUROMICRO Conference on Software Engineering and Advanced Applications,semanticscholar,EXCLUDE,manual override; original auto verdict was EXCLUDE,slr,EXCLUDE
doi:10.62677/ijetaa.2506137,Comment Consistency Detection Algorithm Based on Code Change History,2025,International Journal of Emerging Technologies and Advanced Applications,semanticscholar,EXCLUDE,no SLR/SMS self-label in title or abstract,,
doi:10.5220/0010459100880098,Technical Debt Tools: A Systematic Mapping Study,2021,International Conference on Enterprise Information Systems,semanticscholar,INCLUDE,SLR/SMS self-label + subfield fit,sms,
doi:10.2139/ssrn.3606172,"Investigate, Identify and Estimate the Technical Debt: A Systematic Mapping Study",2020,Social Science Research Network,semanticscholar,EXCLUDE,manual override; original auto verdict was EXCLUDE,sms,EXCLUDE
doi:10.5753/jserd.2023.2671,Identification and Management of Technical Debt: A Systematic Mapping Study Update,2023,Journal of Software Engineering Research and Development,semanticscholar,INCLUDE,SLR/SMS self-label + subfield fit,sms,
doi:10.1109/techdebt66644.2025.00008,Aligning Data Debt with AI-Integrated Software Project Lifecycle Processes: A Standard-Based Mapping Approach,2025,2025 IEEE/ACM International Conference on Technical Debt (TechDebt),semanticscholar,EXCLUDE,no SLR/SMS self-label in title or abstract,,
ss:fef38680189e6414c8b42726f28b939d69e844fa,Cellular Citizenship: Invigorating Development through Mobile,2013,,semanticscholar,EXCLUDE,subfield keywords not in title or abstract,,
ss:209b8ea5f0952a4e7499714480a2def159e55b2d,Brick-and-Mortar Companies: A Comparative Analysis,2021,,semanticscholar,EXCLUDE,subfield keywords not in title or abstract,,
doi:10.60079/amfr.v2i2.276,Sustaining Prosperity: Exploring Fiscal and Financial Sustainability in the Context of Dynamic Fiscal Policy,2024,Advances in Management &amp; Financial Reporting,semanticscholar,EXCLUDE,subfield keywords not in title or abstract,,
doi:10.30574/wjarr.2024.21.2.0426,Disrupting Generational Poverty Through Community Driven Health Access,2024,World Journal of Advanced Research and Reviews,semanticscholar,EXCLUDE,subfield keywords not in title or abstract,,
doi:10.1002/jcaf.22279,Tax Policy Assessment Challenges: The Case of the Slovenian Interest Tax Shield,2017,,semanticscholar,EXCLUDE,subfield keywords not in title or abstract,,
ss:933662a724fa7e920b9b674dae0bc397f0867107,"Melatonin Has Limited Effects on Tumor Regression, Quality of Life, and Treatment Side Effects in Advanced Cancer Patients with Solid Neoplasms",2019,,semanticscholar,EXCLUDE,subfield keywords not in title or abstract,,
doi:10.29313/jrih.v2i1.634,Tanggung Jawab Developer dalam Payment Guarantee Akibat Wanprestasi Debitur KPR Rumah Indent,2022,Jurnal Riset Ilmu Hukum,semanticscholar,EXCLUDE,subfield keywords not in title or abstract,,
ss:c066f556d4b122fb0ee97e27f2a4356306c5febb,DISEÑO DE UN SISTEMA CONTABLE EN LA BOUTIQUE NIKEL DE LA CIUDAD DE LOJA. PERIODO 01 DE ENERO AL 30 DE JUNIO DEL 2015,2016,,semanticscholar,EXCLUDE,subfield keywords not in title or abstract,,
doi:10.14569/ijacsa.2022.01312110,The Impact of Peer Code Review on Software Maintainability in Open-Source Software: A Case Study,2022,International Journal of Advanced Computer Science and Applications,semanticscholar,EXCLUDE,subfield keywords not in title or abstract,,
doi:10.33102/jmifr.676,A Revisit of Managerial Finance Theories from an Islamic Finance Perspective,2025,The Journal of Muamalat and Islamic Finance Research,semanticscholar,EXCLUDE,subfield keywords not in title or abstract,,
ss:047830abd04035b74ee6e13d7f055d6396eb9d2d,"THE EFFECT ANALYSIS TOWARD LIQUIDITY, LEVERAGEON THE COST EFFICIENCY OF CHEMICAL COMPANIES AND THE IMPACT ON THE FINANCIAL PERFORMANCE OF THE COMPANY",2020,,semanticscholar,EXCLUDE,subfield keywords not in title or abstract,,
doi:10.59141/jiss.v5i04.1082,Criminal Law Reform of The Existence of Article 378 of The Criminal Code in Land Cases,2024,Jurnal Indonesia Sosial Sains,semanticscholar,EXCLUDE,subfield keywords not in title or abstract,,
ss:36546e1fec7683a018db93249e5a59d8d3e4c837,KEKUATAN ALAT BUKTI PETUNJUK DALAM PERKARA TINDAK PIDANA KORUPSI (TINJAUAN PASAL 26 A UNDANG-UNDANG NOMOR 31 TAHUN 1999 Jo. UNDANG-UNDANG NOMOR 20 TAHUN 2001 TENTANG PERUBAHAN ATAS UNDANG-UNDANG NOMOR 31 TAHUN 1999 TENTANG PEMBERANTASAN TINDAK PIDANA KO,2015,,semanticscholar,EXCLUDE,subfield keywords not in title or abstract,,
doi:10.1186/s13750-019-0148-4,A systematic map of evidence on the contribution of forests to poverty alleviation,2019,Environmental Evidence,semanticscholar,EXCLUDE,subfield keywords not in title or abstract,,
doi:10.51601/ijersc.v5i5.861,PPAT Responsibility Due To Deed Cancellation,2024,International Journal of Educational Research &amp; Social Sciences,semanticscholar,EXCLUDE,subfield keywords not in title or abstract,,
ss:8211cf461e1340feda18f91b501e7046e0bbe8e8,Защита прав работников на оплату труда при несостоятельности работодателя,2014,,semanticscholar,EXCLUDE,subfield keywords not in title or abstract,,
doi:10.1353/log.2016.0000,Sacramental Usury in The Merchant of Venice,2015,,semanticscholar,EXCLUDE,subfield keywords not in title or abstract,,
ss:d7f297ade4e795a069115cd97a304de9b71137ac,Mastering Cash Flow and Valuation Modelling,2012,,semanticscholar,EXCLUDE,subfield keywords not in title or abstract,,
doi:10.29313/bcsls.v2i1.490,Tinjauan Yuridis Terhadap Penarikan Kendaraan Konsumen Secara Paksa Ditinjau dengan Pasal 368 KUHP,2022,Bandung Conference Series Law Studies,semanticscholar,EXCLUDE,subfield keywords not in title or abstract,,
doi:10.2139/ssrn.3323743,"Study on Cash Flow Management: With Reference to Bharat Heavy Electrical Limited, Haridwar",2019,Social Science Research Network,semanticscholar,EXCLUDE,subfield keywords not in title or abstract,,
ss:0b3491e59efc40543250f0e0e5e6d3cc72dfe85d,Student mental health: a prospective cohort study of the impact of increased tuition fees,2013,,semanticscholar,EXCLUDE,subfield keywords not in title or abstract,,
ss:15d1cd899c345bde4bd5789de21cae78786adbc2,Fiscal Rules and Fiscal Performance: World Evidence,2018,,semanticscholar,EXCLUDE,subfield keywords not in title or abstract,,
ss:176a10072b2da29cbc9d3e3d9944218dbde9947a,Air India: The National Carrier Near to Privatization,2017,,semanticscholar,EXCLUDE,subfield keywords not in title or abstract,,
doi:10.3389/fpsyg.2023.1205016,Cancer treatment-related financial toxicity in Japan: a scoping review,2023,Frontiers in Psychology,semanticscholar,EXCLUDE,subfield keywords not in title or abstract,,
doi:10.1108/qrfm-07-2020-0122,Icarus of the 21st century: bond/monoline insurance,2021,Qualitative Research in Financial Markets,semanticscholar,EXCLUDE,subfield keywords not in title or abstract,,
doi:10.25236/ajhss.2025.081202,"A Study on the Identification, Classification, and Assistance Mechanism for Hardship Families with Rigid Expenditures Aimed at Balancing Equity and Efficiency",2025,Academic Journal of Humanities &amp; Social Sciences,semanticscholar,EXCLUDE,subfield keywords not in title or abstract,,
doi:10.63125/nh269421,QUANTITATIVE RISK ASSESSMENT OF MEGA REAL ESTATE PROJECTS: A MONTE CARLO SIMULATION APPROACH,2022,Journal of Sustainable Development and Policy,semanticscholar,EXCLUDE,subfield keywords not in title or abstract,,
doi:10.3390/ecerph-3-09103,Contemporary research on spillover effects of COVID-19 in stock markets. A systematic and bibliometric review.,2021,Proceedings of The 3rd International Electronic Conference on Environmental Research and Public Health —Public Health Issues in the Context of the COVID-19 Pandemic,semanticscholar,EXCLUDE,subfield keywords not in title or abstract,,
doi:10.17705/1pais.15302,Getting Around to It: How Design Science Researchers Set Future Work Agendas,2023,Pacific Asia Journal of the Association for Information Systems,semanticscholar,EXCLUDE,subfield keywords not in title or abstract,,
doi:10.26710/jafee.v11i1.3303,Factoring Financing as A Determinant of Capital Structure,2025,Journal of Accounting and Finance in Emerging Economies,semanticscholar,EXCLUDE,subfield keywords not in title or abstract,,
doi:10.1093/milmed/usaf147,Effects of Sleep Extension on Cognitive Performance in Military-Aged Adults: A Systematic Review.,2025,Military Medicine,semanticscholar,EXCLUDE,subfield keywords not in title or abstract,,
doi:10.35808/ersj/2612,Analysis of the Crowdfunding European Market: Performance and Perspectives,2021,EUROPEAN RESEARCH STUDIES JOURNAL,semanticscholar,EXCLUDE,subfield keywords not in title or abstract,,
ss:47aed949cfabffb9114a863601343ffaedc28784,"Investigating the role of fatigue, sleep and sleep disorders in commercial vehicle crashes: a systematic review",2011,,semanticscholar,EXCLUDE,subfield keywords not in title or abstract,,
doi:10.11124/jbisrir-2014-1392,The effectiveness of tools used to evaluate successful critical decision making skills for applicants to healthcare graduate educational programs: a systematic review protocol,2014,,semanticscholar,EXCLUDE,subfield keywords not in title or abstract,,
doi:10.1192/bjp.201.6.a23,Highlights of this issue,2011,British Journal of Psychiatry,semanticscholar,EXCLUDE,subfield keywords not in title or abstract,,
doi:10.61083/ebisma.v5i2.95,Financial Stress and Digital Debt Behavior: A Systematic Review of Behavioral Finance Evidence,2025,"Ebisma (Economics, Business, Management, &amp; Accounting Journal)",semanticscholar,EXCLUDE,subfield keywords not in title or abstract,,
doi:10.25103/ijbesar.161.06,Earnings Management Ethicality and Application in the Kenyan Public Sector: A Critical Review,2023,International Journal of Business and Economic Sciences Applied Research,semanticscholar,EXCLUDE,subfield keywords not in title or abstract,,
doi:10.25904/1912/4061,Enhancing affordable housing policy through green building principles: An integrated participatory system modelling approach.,2021,,semanticscholar,EXCLUDE,subfield keywords not in title or abstract,,
doi:10.47604/ijfa.1486,EFFECT OF CAPITAL STRUCTURE ON FINANCIAL PERFORMANCE OF SMALL TIERED DEPOSIT TAKING SAVINGS AND CREDIT COOPERATIVES SOCIETIES IN NAIROBI COUNTY,2022,International Journal of Finance and Accounting,semanticscholar,EXCLUDE,subfield keywords not in title or abstract,,
doi:10.5171/2024.4429024,Identification Of Factors Increasing the Effectiveness of Mass Debt Collection Using the DEMATEL Method,2024,Communications of International Proceedings,semanticscholar,EXCLUDE,subfield keywords not in title or abstract,,
doi:10.55188/ijifsd.v16i4.996,Editorial: Writing Quality Journal Articles,2024,International Journal of Islamic Finance and Sustainable Development,semanticscholar,EXCLUDE,subfield keywords not in title or abstract,,
doi:10.1016/j.jsurg.2022.12.007,The Case for Needed Financial Literacy Curriculum During Resident Education.,2023,Journal of Surgical Education,semanticscholar,EXCLUDE,subfield keywords not in title or abstract,,
doi:10.1108/afr-11-2015-0050,Adoption and impact of index-insurance and credit for smallholder farmers in developing countries: A systematic review,2016,,semanticscholar,EXCLUDE,subfield keywords not in title or abstract,,
doi:10.57178/paradoks.v8i4.1824,The strategic differences between short- and long-term portfolio management in selecting debt and equity securities,2025,PARADOKS Jurnal Ilmu Ekonomi,semanticscholar,EXCLUDE,subfield keywords not in title or abstract,,
doi:10.30858/zer/190890,Three Problems of the Finances of Polish Agriculture,2025,Zagadnienia Ekonomiki Rolnej / Problems of Agricultural Economics,semanticscholar,EXCLUDE,subfield keywords not in title or abstract,,
doi:10.1108/f-05-2017-0054,Emerging financial risks from climate changes on building assets in the UK,2018,Facilities,semanticscholar,EXCLUDE,subfield keywords not in title or abstract,,
doi:10.56127/jukim.v4i04.2159,A Systematic Approach To Digital Gambling: The Role Of Accounting Information Systems In Economic Stabilization,2025,Jurnal Ilmiah Multidisiplin,semanticscholar,EXCLUDE,subfield keywords not in title or abstract,,
doi:10.1136/bmjopen-2022-064714,"Impact of cancer on income, wealth and economic outcomes of adult cancer survivors: a scoping review",2022,BMJ Open,semanticscholar,EXCLUDE,subfield keywords not in title or abstract,,
doi:10.1136/bmjopen-2019-029980,"Effect of medical student debt on mental health, academic performance and specialty choice: a systematic review",2019,BMJ Open,semanticscholar,EXCLUDE,subfield keywords not in title or abstract,,
ss:921347a30ff6fe4715b6adb2c838ab5d0ea14b4c,Seduction by Plastic,2004,,semanticscholar,EXCLUDE,subfield keywords not in title or abstract,,
doi:10.2139/ssrn.5529639,"Sovereign Debt as Soft Governance: IMF Veto Power, Dollar Safe-Asset Privilege, and the Distributional Costs of Conditionality",2025,Social Science Research Network,semanticscholar,EXCLUDE,subfield keywords not in title or abstract,,
ss:a4abdd6a991284b31cc04a8d0643975e71220599,"Risk and opportunity reports of German banks in accordance with German accounting standards: an empirical analysis of adoption, development, and determinants of extent",2020,,semanticscholar,EXCLUDE,subfield keywords not in title or abstract,,
doi:10.1186/s13561-024-00587-3,A scoping review of COVID-19 economic response policies in the MENA countries: lessons learned for Iran for future pandemics,2024,Health Economics Review,semanticscholar,EXCLUDE,subfield keywords not in title or abstract,,
doi:10.1093/geroni/igaf122.1404,Measurement of Private Equity Ownership in Healthcare Research: Review and Opportunities,2025,Innovation in aging,semanticscholar,EXCLUDE,subfield keywords not in title or abstract,,
doi:10.1111/apa.13262,Child health in times of austerity as a result of the economic crisis that started in 2008,2016,Acta paediatrica,semanticscholar,EXCLUDE,subfield keywords not in title or abstract,,
doi:10.31893/multirev.2025255,"Macro-prudential policy, income inequality, and economic growth: A systematic literature review",2025,Multidisciplinary Reviews,semanticscholar,EXCLUDE,subfield keywords not in title or abstract,,
ss:be32886b4ad3fe89af62fbd0abd107ff05d6565f,Multiple Sclerosis MSBase registry: using real-world data to define MS outcomes and optimise treatment strategies,2016,,semanticscholar,EXCLUDE,subfield keywords not in title or abstract,,
doi:10.53909/rms.02.01.031,Economic Structural Reforms and Sovereign Assets-Backed Sukuk in Pakistan: A Systematic Literature Review,2020,Reviews of Management Sciences,semanticscholar,EXCLUDE,subfield keywords not in title or abstract,,
doi:10.2478/jec-2019-0025,Tax Liabilities of The Board Member in Latvia: Legal-Economic Aspects,2019,,semanticscholar,EXCLUDE,subfield keywords not in title or abstract,,
doi:10.70764/gdpu-sft.2025.1(1)-03,Fintech for Social Impact: Evaluating the Role of Digital Finance in Poverty Alleviation,2025,Start-up and Financial Technology,semanticscholar,EXCLUDE,subfield keywords not in title or abstract,,
doi:10.1007/978-3-319-72490-4_5,Reassessing the Two-Year Sector’s Role in the Amelioration of a Persistent Socioeconomic Gap: A Proposed Analytical Framework for the Study of Community College Effects in the Big and Geocoded Data and Quasi-Experimental Era,2018,,semanticscholar,EXCLUDE,subfield keywords not in title or abstract,,
ss:d455c8507c45ea6f1ebaea401dd666ffc7ab9af6,Contagion Effects in Intertemporal Decision Making,2014,Annual Meeting of the Cognitive Science Society,semanticscholar,EXCLUDE,subfield keywords not in title or abstract,,
ss:d82c6b74aeccd758350be9e84159fbc14c61b277,Firm Foundations; The Future of Scottish Housing A Discussion Document,2008,,semanticscholar,EXCLUDE,subfield keywords not in title or abstract,,
ss:e773b350971f3d6b8dda843f8eaf24a9184c4b0b,Capital Structure and Firm Value in Nigeria ( Evidence from selected quoted firms ),2019,,semanticscholar,EXCLUDE,subfield keywords not in title or abstract,,
doi:10.1109/csitss64042.2024.10816847,Finance-In-Focus: Mastering Financial Basics through Online Learning,2024,2024 8th International Conference on Computational System and Information Technology for Sustainable Solutions (CSITSS),semanticscholar,EXCLUDE,subfield keywords not in title or abstract,,
doi:10.1002/pbc.26787,Comment on: Insurance coverage decisions for pediatric proton therapy,2018,Pediatric Blood & Cancer,semanticscholar,EXCLUDE,subfield keywords not in title or abstract,,
ss:f362cb19a2a8c34a32c4852f76c513129971537f,Design and Development of Credit Scoring Model for the Commercial Banks in Pakistan : Forecasting Creditworthiness of Corporate Borrowers Asia,2013,,semanticscholar,EXCLUDE,subfield keywords not in title or abstract,,
doi:10.1108/jeim-04-2017-0050,Call center performance measurement using intuitionistic fuzzy sets,2020,Journal of Enterprise Information Management,semanticscholar,EXCLUDE,subfield keywords not in title or abstract,,
doi:10.60079/atr.v1i3.479,Analysis of Tax Impact on Corporate Debt Ratio: A Literature Study,2023,Advances in Taxation Research,semanticscholar,EXCLUDE,subfield keywords not in title or abstract,,
ss:019b0053fb8acf66ba3169061fe3bca118e009a0,The potential role of government debt management office in monitoring and managing contingent liabilities,2002,,semanticscholar,EXCLUDE,subfield keywords not in title or abstract,,
ss:0bd404c1e2457c7917b919f17f5b750bfcf0b7dc,The Merger of AOL and Time Warner: A Case study.(Instructor's Note),2010,,semanticscholar,EXCLUDE,subfield keywords not in title or abstract,,
ss:0d67776485ff580d630419ebcf37cda8b046e680,The mental health impact of recession and welfare reform in England between 2008 and 2013,2015,,semanticscholar,EXCLUDE,subfield keywords not in title or abstract,,
doi:10.56315/pscf3-21kearns,The Ethical Algorithm: The Science of Socially Aware Algorithm Design,2021,Perspectives on Science and Christian Faith,semanticscholar,EXCLUDE,subfield keywords not in title or abstract,,
doi:10.1080/23311975.2019.1701339,How does public debt affect economic growth? A systematic review,2019,Cogent Business & Management,semanticscholar,EXCLUDE,subfield keywords not in title or abstract,,
doi:10.1136/bmjopen-2018-022097,Factors influencing subspecialty choice among medical students: a systematic review and meta-analysis,2019,BMJ Open,semanticscholar,EXCLUDE,subfield keywords not in title or abstract,,
doi:10.1007/s11606-018-4333-x,Enhancing Resident Well-being: Illuminating the Path Forward,2018,Journal of general internal medicine,semanticscholar,EXCLUDE,subfield keywords not in title or abstract,,
ss:2c98a313b9187240e3e7d5a9703bd3ed7c21eebd,ST. LOUIS CHEMICAL: THE INVESTMENT DECISION,2005,,semanticscholar,EXCLUDE,subfield keywords not in title or abstract,,
doi:10.29259/jmbs.v17i4.11112,Analysis of the cause of loss of PT. Asuransi Jiwasraya (Persero),2020,JURNAL MANAJEMEN DAN BISNIS SRIWIJAYA,semanticscholar,EXCLUDE,subfield keywords not in title or abstract,,
doi:10.1097/acm.0000000000005136,Personal Financial Wellness Curricula for Medical Trainees: A Systematic Review,2023,Academic medicine : journal of the Association of American Medical Colleges,semanticscholar,EXCLUDE,subfield keywords not in title or abstract,,
doi:10.15373/2249555x/may2013/141,Impact of Recovery Management on NPA: a Case Study of Bank of Maharashtra,2011,,semanticscholar,EXCLUDE,subfield keywords not in title or abstract,,
doi:10.2139/ssrn.2016892,The Bankruptcy of Lehman Brothers: Causes of Failure & Recommendations Going Forward,2013,,semanticscholar,EXCLUDE,subfield keywords not in title or abstract,,
doi:10.56315/pscf9-24wilkinson,"Circles and the Cross: Cosmos, Consciousness, Christ, and the Human Place in Creation",2024,Perspectives on Science and Christian Faith,semanticscholar,EXCLUDE,subfield keywords not in title or abstract,,
doi:10.1177/0040571x0010300414,Book Review: Systematic Theology Volume 2: The Works of God,2000,,semanticscholar,EXCLUDE,subfield keywords not in title or abstract,,
doi:10.4103/0973-1075.197943,Poverty Reduction in India through Palliative Care: A Pilot Project,2017,Indian Journal of Palliative Care,semanticscholar,EXCLUDE,subfield keywords not in title or abstract,,
ss:5f6065fce8404414a33adee6e5a0a2357e51041d,Regulating the Use of Force: A Sociological Approach,2004,,semanticscholar,EXCLUDE,subfield keywords not in title or abstract,,
ss:65205c13e2c3ae6c6071c1a9418df7e7c1ba810a,A STRATEGY FOR THE ENCOURAGEMENT OF FOREIGN INVESTMENT IN THE KYRGYZ REPUBLIC,2001,,semanticscholar,EXCLUDE,subfield keywords not in title or abstract,,
doi:10.1186/s12939-025-02543-x,Health inequities in medical crowdfunding: a systematic review,2025,International Journal for Equity in Health,semanticscholar,EXCLUDE,subfield keywords not in title or abstract,,
ss:6c36933fd643c44cf52473482ee5c3176d8ca4f6,세계금융위기 이후 주요국의 금융기관 지배구조,2011,,semanticscholar,EXCLUDE,subfield keywords not in title or abstract,,
doi:10.1177/21501351231204328,Barriers to Accessing Congenital Heart Surgery in Low- and Middle-Income Countries: A Systematic Review,2023,World journal for pediatric & congenital heart surgery,semanticscholar,EXCLUDE,subfield keywords not in title or abstract,,
doi:10.18332/popmed/144226,"Determinants of quality of life among patients attending monk healers and primary healthcare centers in
Thailand",2021,Population Medicine,semanticscholar,EXCLUDE,subfield keywords not in title or abstract,,
ss:77829952ecde81047df5d0f35af2d4b2173b17be,The 'Rules of Engagement': The Ethical Dimension of Doctoral Research,2016,,semanticscholar,EXCLUDE,subfield keywords not in title or abstract,,
doi:10.1136/jech-2016-208064.13,OP13 Interventions to ameliorate the impact of unemployment and economic hardship on mental health in the general population: Systematic review,2016,Journal of Epidemiology and Community Health,semanticscholar,EXCLUDE,subfield keywords not in title or abstract,,
ss:89c2e48565efca2f4c1e58526ffb328387b86605,Sleepiness Scale scores in an operational setting with the United States Navy,2014,,semanticscholar,EXCLUDE,subfield keywords not in title or abstract,,
ss:94ca4d740bb1d56ce04d38e0571741ab29fdf529,The Beginning of the End: Preliminary Results of an Empirical Study of Copyright Substantial Similarity Opinions in the U.S. Circuit Courts,2013,,semanticscholar,EXCLUDE,subfield keywords not in title or abstract,,
doi:10.22034/amfa.2019.584639.1177,The investigation of the affectivity of various types of cash flows in a diversified capital structure based on the type of strategy,2020,,semanticscholar,EXCLUDE,subfield keywords not in title or abstract,,
doi:10.2139/ssrn.1210382,Recent Episodes of Sovereign Debt Restructurings: A Case-Study Approach,2008,,semanticscholar,EXCLUDE,subfield keywords not in title or abstract,,
doi:10.1177/0020715214552594,Book review: Urban China,2014,,semanticscholar,EXCLUDE,subfield keywords not in title or abstract,,
doi:10.7326/0003-4819-147-3-200708070-00004,Geriatric Conditions and Disability: The Health and Retirement Study,2007,Annals of Internal Medicine,semanticscholar,EXCLUDE,subfield keywords not in title or abstract,,
doi:10.1177/0276146703023001010,Reviews,2003,,semanticscholar,EXCLUDE,subfield keywords not in title or abstract,,
ss:d0b64d45ac1e24332d38145eabefb028abb8fc5e,Definitions and Dimensions of Poverty and Social Protection in rural and fishing communities : qualitative survey of three regions in Myanmar,2015,,semanticscholar,EXCLUDE,subfield keywords not in title or abstract,,
doi:10.24940/theijbm/2019/v7/i11/bm1911-027,Factors Influencing Capital Growth of Investment Banks in Kenya,2019,International journal of business management,semanticscholar,EXCLUDE,subfield keywords not in title or abstract,,
ss:d8acbdc614086bc4cf7ece57f2698cc5dadb37a1,ST. Louis Chemical: The Investment decision.(Instructor's Note),2005,,semanticscholar,EXCLUDE,subfield keywords not in title or abstract,,
doi:10.5812/healthscope-139351,Identify Affecting Factors on Total Fertility Rate: A Systematic Review,2024,Health Scope,semanticscholar,EXCLUDE,subfield keywords not in title or abstract,,
doi:10.21511/ee.16(4).2025.04,Debt-for-nature swaps: A bibliometric analysis of global research trends (1988–2025),2025,Environmental Economics,semanticscholar,EXCLUDE,subfield keywords not in title or abstract,,
doi:10.65496/jcste.2025.48,"Current E‑Procurement Platforms (2020–2025): A Systematic Review of Architectures, Capabilities, and Implementation Outcomes",2025,Journal of Computer Science and Technological Enquiry,semanticscholar,EXCLUDE,subfield keywords not in title or abstract,,
doi:10.1080/08911916.2022.2046311,"Ten Years On, Two Crises Later: Evaluating EMU Institutional Reforms Since 2010",2022,International Journal of Political Economy,semanticscholar,EXCLUDE,subfield keywords not in title or abstract,,
