paper_key,bucket,year,citationCount,title,venue,abstract_excerpt,KEEP_OR_DROP
doi:10.1109/soca.2016.15,A,2016,402,A Systematic Mapping Study in Microservice Architecture,IEEE International Conference on Service-Oriented Computing and Applications,"The accelerating progress of network speed, reliability and security creates an increasing demand to move software and services from being stored and processed locally on users' machines to being managed by third parties that are accessible through the network. This has created t…",
doi:10.5220/0005785501370146,A,2016,310,Microservices: A Systematic Mapping Study,International Conference on Cloud Computing and Services Science,"Microservices have recently emerged as an architectural style, addressing how to build, manage, and evolve    architectures out of small, self-contained units. Particularly in the cloud, the microservices architecture approach    seems to be an ideal complementation of container …",
doi:10.1016/j.jss.2019.01.001,A,2019,207,Architecting with microservices: A systematic mapping study,Journal of Systems and Software,"Abstract Context A microservice architecture is composed of a set of small services, each running in its own process and communicating with lightweight mechanisms. Many aspects on architecting with microservices are still unexplored and existing research is still far from being c…",
doi:10.5220/0006798302210232,A,2018,205,Architectural Patterns for Microservices: A Systematic Mapping Study,International Conference on Cloud Computing and Services Science,"Microservices is an architectural style increasing in popularity. However, there is still a lack of understanding how to adopt a microservice-based architectural style. We aim at characterizing different microservice architectural style patterns and the principles that guide thei…",
doi:10.1016/j.infsof.2020.106449,A,2021,143,Understanding and addressing quality attributes of microservices architecture: A Systematic literature review,Information and Software Technology,"Abstract Context: As a rapidly adopted architectural style in software engineering, Microservices Architecture (MSA) advocates implementing small-scale and independently distributed services, rather than binding all functions into one monolith. Although many initiatives have cont…",
doi:10.1016/j.jss.2020.110798,A,2020,133,A Systematic Mapping Study on Microservices Architecture in DevOps,Journal of Systems and Software,"Abstract Context: Applying Microservices Architecture (MSA) in DevOps has received significant attention in recent years. However, there exists no comprehensive review of the state of research on this topic. Objective: This work aims to systematically identify, analyze, and class…",
doi:10.1016/j.jss.2021.111014,A,2021,109,Deployment and communication patterns in microservice architectures: A systematic literature review,Journal of Systems and Software,,
doi:10.14778/3484224.3484232,A,2021,108,"Data Management in Microservices: State of the Practice, Challenges, and Research Directions",Proceedings of the VLDB Endowment,"Microservices have become a popular architectural style for data-driven applications, given their ability to functionally decompose an application into small and autonomous services to achieve scalability, strong isolation, and specialization of database systems to the workloads …",
doi:10.1109/tse.2023.3287297,A,2023,101,Decomposition of Monolith Applications Into Microservices Architectures: A Systematic Review,IEEE Transactions on Software Engineering,"Microservices architecture has gained significant traction, in part owing to its potential to deliver scalable, robust, agile, and failure-resilient software products. Consequently, many companies that use large and complex software systems are actively looking for automated solu…",
doi:10.1016/j.cosrev.2021.100415,A,2020,93,Securing Microservices and Microservice Architectures: A Systematic Mapping Study,Computer Science Review,Microservice architectures (MSA) are becoming trending alternatives to existing software development paradigms notably for developing complex and distributed applications. Microservices emerged as an architectural design pattern aiming to address the scalability and ease the main…,
doi:10.1007/978-3-319-62407-5_14,A,2017,85,A Systematic Literature Review on Microservices,Communication Systems and Applications,,
doi:10.3390/app12115507,A,2022,74,Challenges and Solution Directions of Microservice Architectures: A Systematic Literature Review,Applied Sciences,"Microservice architecture (MSA) is an architectural style for distributed software systems, which promotes the use of fine-grained services with their own lifecycles. Several benefits of MSA have been reported in the literature, including increased modularity, flexible configurat…",
doi:10.1002/spe.2869,A,2019,68,Microservice transition and its granularity problem: A systematic mapping study,"Software, Practice & Experience","Microservices have gained wide recognition and acceptance in software industries as an emerging architectural style for autonomic, scalable, and more reliable computing. The transition to microservices has been highly motivated by the need for better alignment of technical design…",
doi:10.3390/app11177856,A,2021,65,On Microservice Analysis and Architecture Evolution: A Systematic Mapping Study,Applied Sciences,"Microservice architecture has become the leading design for cloud-native systems. The highly decentralized approach to software development consists of relatively independent services, which provides benefits such as faster deployment cycles, better scalability, and good separati…",
doi:10.1007/s42979-020-00359-w,A,2020,47,A Systematic Review on Software Architectures for IoT Systems and Future Direction to the Adoption of Microservices Architecture,SN Computer Science,,
doi:10.3390/app12063023,A,2022,45,Authentication and Authorization in Microservices Architecture: A Systematic Literature Review,Applied Sciences,"The microservice architectural style splits an application into small services, which are implemented independently, with their own deployment unit. This architecture can bring benefits, nevertheless, it also poses challenges, especially about security aspects. In this case, ther…",
doi:10.7717/peerj-cs.779,A,2022,45,Microservice security: a systematic literature review,PeerJ Computer Science,"Microservices is an emerging paradigm for developing distributed systems. With their widespread adoption, more and more work investigated the relation between microservices and security. Alas, the literature on this subject does not form a well-defined corpus: it is spread over m…",
doi:10.1109/clei47609.2019.235060,A,2019,41,Security Mechanisms Used in Microservices-Based Systems: A Systematic Mapping,Latin American Computing Conference / Conferencia Latinoamericana En Informatica,"Microservices is an architectural style that conceives systems as a modular, costumer, independent and scalable suite of services; it offers several advantages but its growing popularity has given rise to security challenges. Building secure systems is greatly helped by deploying…",
doi:10.1145/3424771.3424812,A,2020,33,On the Study of Microservices Antipatterns: a Catalog Proposal,European Conference on Pattern Languages of Programs,"Microservice architecture has become popular in the last few years as it allows the development of independent, highly reusable, and fine grained services. However, a lack of understanding of its core concepts and the absence of a ground-truth lead to design and implementation de…",
doi:10.1109/apsec51365.2020.00020,A,2020,33,Testing Microservices Architecture-Based Applications: A Systematic Mapping Study,Asia-Pacific Software Engineering Conference,"Microservices is an architectural style that provides several benefits to develop applications as small, independent, and modular services. Building Microservices Architecture (MSA)-based applications is immensely supported by using software testing fundamentals. With the increas…",
doi:10.1002/cae.22586,A,2022,33,A systematic mapping study: The new age of software architecture from monolithic to microservice architecture—awareness and challenges,Computer Applications in Engineering Education,Microservice architecture (MSA) is an emerging architectural style as an innovative approach that is growing in quality over time. Microservices are endorsed by various researchers to shatter the issues and limitations encountered by the use of aging approaches for monolithic leg…,
doi:10.1109/access.2022.3221130,A,2022,31,Visualizing Microservice Architecture in the Dynamic Perspective: A Systematic Mapping Study,IEEE Access,"As microservices become more popular, more drawbacks become apparent to developers. One issue that many teams face today is the failure to visualize the entire system architecture holistically. Without a full view of the system, the architecture can become convoluted as teams add…",
doi:10.1016/j.infsof.2024.107590,A,2024,28,Migration of monolithic systems to microservices: A systematic mapping study,Information and Software Technology,,
doi:10.7717/peerj-cs.695,A,2021,27,Defining and measuring microservice granularity—a literature overview,PeerJ Computer Science,"Background Microservices are an architectural approach of growing use, and the optimal granularity of a microservice directly affects the application’s quality attributes and usage of computational resources. Determining microservice granularity is an open research topic. Methodo…",
doi:10.1109/access.2024.3365079,A,2024,24,Evolution of Microservices Identification in Monolith Decomposition: A Systematic Review,IEEE Access,"Modernizing monolithic systems through microservices architectures (MSAs) promises significant benefits in terms of scalability, agility, and cloud adoption. However, this transition hinges on accurate and efficient microservices identification, a complex area of research still i…",
doi:10.1109/tla.2018.8789551,A,2018,23,Review of Architectural Patterns and Tactics for Microservices in Academic and Industrial Literature,IEEE Latin America Transactions,Microservices are an emerging trend for development of service-oriented software. This approach proposes to build each application as a collection of small services running on separate process and inter-communicating with lightweight mechanisms. Systematic development of microser…,
doi:10.1007/s00607-025-01432-z,A,2023,22,AI Techniques in the Microservices Life-Cycle: a Systematic Mapping Study,Computing,"The use of AI in microservices (MSs) is an emerging field as indicated by a substantial number of surveys. However these surveys focus on a specific problem using specific AI techniques, therefore not fully capturing the growth of research and the rise and disappearance of trends…",
doi:10.1109/access.2024.3406500,A,2024,21,A Systematic Literature Review of Inter-Service Security Threats and Mitigation Strategies in Microservice Architectures,IEEE Access,"Ensuring security is of paramount importance in microservice architectures, given their distributed nature, involving numerous services and network-spanning interactions. This architectural style, which can comprise hundreds to thousands of services, inherently presents a more ex…",
doi:10.1109/icsa-c54293.2022.00030,A,2022,21,A Systematic Literature Review on Migration to Microservices: a Quality Attributes perspective,2022 IEEE 19th International Conference on Software Architecture Companion (ICSA-C),Today’s system migration focuses on modernizing legacy and monolithic systems towards microservices’ architectures. This study aims at understanding if and how quality attributes improvement are explicitly driving the migration process. We designed and conducted a systematic lite…,
doi:10.3390/s24206771,A,2024,21,Exploring the Potential of Microservices in Internet of Things: A Systematic Review of Security and Prospects,Italian National Conference on Sensors,"With the rapid growth of Internet of Things (IoT) systems, ensuring robust security measures has become paramount. Microservices Architecture (MSA) has emerged as a promising approach for enhancing IoT systems security, yet its adoption in this context lacks comprehensive analysi…",
doi:10.1109/access.2023.3236165,A,2023,21,Visualizing Anti-Patterns in Microservices at Runtime: A Systematic Mapping Study,IEEE Access,"In the world of microservices, companies must be able to create systems that operate in the most efficient way. To achieve this, anti-patterns must be avoided because of their detriment to the quality of the system. Some of the most troubling anti-patterns are hard to detect beca…",
doi:10.3390/software4010006,A,2025,20,Designing Microservices Using AI: A Systematic Literature Review,Software,"Microservices architecture has emerged as a dominant approach for developing scalable and modular software systems, driven by the need for agility and independent deployability. However, designing these architectures poses significant challenges, particularly in service decomposi…",
doi:10.1002/spe.2967,A,2021,18,A systematic gray literature review: The technologies and concerns of microservice application programming interfaces,"Software, Practice & Experience","The microservice application programming interface (API) becomes a growing concern in the IT industry, as a result of the increasing usage of microservice architecture style. There exist many successful practices among companies, communities, and so on. In contrast, the related a…",
doi:10.1186/s40537-023-00733-4,A,2023,18,Application of microservices patterns to big data systems,Journal of Big Data,"The panorama of data is ever evolving, and big data has emerged to become one of the most hyped terms in the industry. Today, users are the perpetual producers of data that if gleaned and crunched, have the potential to reveal game-changing patterns. This has introduced an import…",
doi:10.1109/tse.2024.3385835,A,2024,18,Domain-Driven Design for Microservices: An Evidence-Based Investigation,IEEE Transactions on Software Engineering,"MicroService Architecture (MSA), a predominant architectural style in recent years, still faces the arduous task of identifying the boundaries of microservices. Domain-Driven Design (DDD) is regarded as one of the major design methods for addressing this task in practice, which a…",
doi:10.1109/seams51251.2021.00030,A,2021,16,Self-Adaptive Microservice-based Systems - Landscape and Research Opportunities,International Symposium on Software Engineering for Adaptive and Self-Managing Systems,"Microservices have become popular in the past few years, attracting the interest of both academia and industry. Despite of its benefits, this new architectural style still poses important challenges, such as resilience, performance and evolution. Self-adaptation techniques have b…",
doi:10.3390/electronics13142885,A,2024,15,A Systematic Literature Review on the Strategic Shift to Cloud ERP: Leveraging Microservice Architecture and MSPs for Resilience and Agility,Electronics,"The COVID-19 pandemic has necessitated profound changes in the business and technology landscapes, compelling organizations to reassess their Enterprise Resource Planning (ERP) systems. Traditional ERP systems have demonstrated significant limitations in agility, scalability, and…",
doi:10.1109/access.2024.3389064,A,2024,15,Energy Consumption in Microservices Architectures: A Systematic Literature Review,IEEE Access,Cloud computing emerges as a paradigm that facilitates on-demand access to technological resources through the mechanism of service virtualization. This virtualization enables the partitioning of hardware resources among applications that are organized into distinct independent m…,
doi:10.23919/cisti49556.2020.9141150,A,2020,15,Microservices identification strategies : A review focused on Model-Driven Engineering and Domain Driven Design approaches,Iberian Conference on Information Systems and Technologies,"A proper architectural design for a microservices system is crucial for its success. Although there are several design strategies to identify software components in general, microservices demands special consideration. In this context of distributed systems, the component size di…",
ss:d5d90cbd31901aa93c41f5b58498bf5eb4cbf11d,A,2018,14,An Exploratory Study of Academic Architectural Tactics and Patterns in Microservices: A systematic literature review,Conferencia Iberoamericana de Software Engineering,,
doi:10.14569/ijacsa.2018.090139,A,2018,13,Matrix Clustering based Migration of System Application to Microservices Architecture,,A microservice architecture (MSA) style is an emerging approach which is gaining strength with the passage of time. Micro services are recommended by a number of researchers to overcome the limitations and issues encountered by usage of aging method of monolithic architecture sty…,
doi:10.1145/3644032.3644445,A,2024,13,An Overview of Microservice-Based Systems Used for Evaluation in Testing and Monitoring: A Systematic Mapping Study,International Conference/Workshop on Automation of Software Test,"Microservice-based systems have emerged as an effective architecture for countless industry applications. They provide applications as small, independent, and modular services. With the increasing interest in such systems, it is important to tackle challenges related to their qua…",
doi:10.1109/conisoft.2019.00034,A,2019,12,Quality attributes in patterns related to microservice architecture: a Systematic Literature Review,2019 7th International Conference in Software Engineering Research and Innovation (CONISOFT),"Microservices is an interesting option for those who want to migrate their systems to improve performance, maintainability, scalability, and interoperability. Microservice architecture is a collection of self-sufficient services working together to provide functionalities. Nowada…",
doi:10.21681/2311-3456-2020-04-32-43,A,2020,12,Authentication and authorization in microservice-based systems: survey of architecture patterns,Voprosy kiberbezopasnosti,Abstract Objective. Service-oriented architecture and its microservice-based approach increase an attack surface of applications. Exposed microservices become a pivot point for advanced persistent threats and completely change the threat landscape. Correctly implemented authentic…,
doi:10.1016/j.jss.2024.112232,A,2024,12,"Unveiling the microservices testing methods, challenges, solutions, and solutions gaps: A systematic mapping study",Journal of Systems and Software,,
doi:10.1007/978-3-319-99007-1_100,A,2018,10,A Systematic Mapping Study on Microservices,Advances in Intelligent Systems and Computing,,
doi:10.1016/j.infsof.2025.107732,A,2025,9,Reengineering software systems into microservices: State-of-the-art and future directions,Information and Software Technology,"Context: With the acknowledged benefits of microservices architectures, such as scalability, flexibility, improved maintenance, and deployment, legacy software systems are increasingly being reengineered into microservices. Recently, a plethora of methods, techniques, tools, and …",
doi:10.1145/3524304.3524306,A,2022,8,How Can We Cope with the Impact of Microservice Architecture Smells?,International Conference on Software and Computer Applications,"Context: Software Architecture Smells (AS) are potential software structure problems and always impact software quality negatively. And with the development of Microservice architecture, the Microservice Architecture Smells (MAS) have been attracting more and more attention. The …",
doi:10.14569/ijacsa.2024.0151013,A,2024,8,Migrating from Monolithic to Microservice Architectures: A Systematic Literature Review,International Journal of Advanced Computer Science and Applications,"— Migration from monolithic software systems to modern microservice architecture is a critical process for enhancing software systems' scalability, maintainability, and performance. This study conducted a systematic literature review to explore the various methodologies, techniqu…",
doi:10.1007/978-3-031-66326-0_1,A,2023,8,Tools Reconstructing Microservice Architecture: A Systematic Mapping Study,European Conference on Software Architecture,,
doi:10.48550/arxiv.2301.07803,A,2023,7,"Relating Edge Computing and Microservices by means of Architecture Approaches and Features, Orchestration, Choreography, and Offloading: A Systematic Literature Review",arXiv.org,"Context: Microservices running and being powered by Edge Computing have been gaining much attention in the industry and academia. Since 2014, when Martin Fowler popularized the Microservice term, many studies have been published relating these subjects to explore how the Edge's l…",
doi:10.1002/smr.2433,A,2022,7,The operation and maintenance governance of microservices architecture systems: A systematic literature review,J. Softw. Evol. Process.,"Due to its development agility, continuous delivery, scalability and other characteristics, the microservice architecture systems (MASs) have provided complex business functions to hundreds of millions of users in many application fields. The operation and maintenance governance …",
doi:10.5220/0010578905210532,A,2021,7,Microservices Adaptation using Machine Learning: A Systematic Mapping Study,International Conference on Software and Data Technologies,The Microservice architecture is increasingly becoming the preferred architecture of modern applications. The logically distinct components that make up microservices make continuous delivery easier compared to monolithic architectures. This feature however makes it difficult for…,
doi:10.1109/conisoft55708.2022.00032,A,2022,7,A Systematic Mapping Study on Technical Debt in Microservices,2022 10th International Conference in Software Engineering Research and Innovation (CONISOFT),"In recent years, the development of high-quality systems with a microservices architecture has drawn the attention of professionals and researchers. Software systems with a microservices architecture are relatively new; the study of technical debt in the context of Microservices …",
doi:10.1016/j.jss.2025.112500,A,2025,6,Assessment of performance and its scalability in microservice architectures: Systematic literature review,Journal of Systems and Software,,
doi:10.14445/22315381/ijett-v70i3p225,A,2022,6,Taxonomical Classification and Systematic Review on Microservices,international journal of engineering trends and technology,,
doi:10.4236/ojapps.2024.149167,A,2024,6,Current Trends in the Management of Distributed Transactions in Micro-Services Architectures: A Systematic Literature Review,Open Journal of Applied Sciences,,
doi:10.14569/ijacsa.2024.0151218,A,2024,5,Security Gap in Microservices: A Systematic Literature Review,International Journal of Advanced Computer Science and Applications,,
doi:10.1109/tse.2025.3603897,A,2025,5,A Systematic Literature Review of Machine Learning Approaches for Migrating Monolithic Systems to Microservices,IEEE Transactions on Software Engineering,"Scalability and maintainability challenges in monolithic systems have led to the adoption of microservices, which divide systems into smaller, independent services. However, migrating existing monolithic systems to microservices is a complex and resource-intensive task, which can…",
doi:10.1109/ic2ie60547.2023.10331155,A,2023,5,"Analyzing Microservices and Monolithic Systems: Key Factors in Architecture, Development, and Operations",2023 6th International Conference of Computer and Informatics Engineering (IC2IE),"Microservices and monolithic systems are two prevalent architectural approaches in software development. This study provides a complete review and analysis of the key components involved in design, development, and operation in software development. A systematic review of the lit…",
doi:10.12720/jait.14.5.991-1002,A,2023,5,Research Opportunities in Microservices Quality Assessment: A Systematic Literature Review,Journal of Advances in Information Technology,—The growth in the development of microservices has sparked interest in evaluating their quality. This study seeks to determine the key criteria and challenges in evaluating microservices to drive research and optimize processes. The systematic review of the literature presented …,
doi:10.1016/j.infsof.2025.107870,A,2025,5,Microservices testing: A systematic literature review,Information and Software Technology,,
doi:10.3390/electronics14071397,A,2025,5,"Systematic Mapping Study of Test Generation for Microservices: Approaches, Challenges, and Impact on System Quality",Electronics,"Software development underwent a significant shift with the adoption of microservice architecture. Such architecture offers modularity and scalability but introduces new testing challenges. This review aims to identify, categorize, and analyze key testing methods used in microser…",
doi:10.3390/computers14040133,A,2025,5,The Ontology-Based Mapping of Microservice Identification Approaches: A Systematic Study of Migration Strategies from Monolithic to Microservice Architectures,De Computis,"The Microservice Architecture Style (MSA) has emerged as a significant computing paradigm in software engineering, with companies increasingly restructuring their monolithic systems to enhance digital performance and competitiveness. However, the migration process, particularly t…",
doi:10.1007/978-3-030-32022-5_9,A,2019,5,Migration of Monolithic Applications Towards Microservices Under the Vision of the Information Hiding Principle: A Systematic Mapping Study,Advances in Intelligent Systems and Computing,,
doi:10.1145/3564982.3564995,A,2022,5,Using Database Schemas of Legacy Applications for Microservices Identification: A Mapping Study,International Conference on Advancements in Computational Sciences,"The extraction of software components or services from a legacy system, is a very active field of research especially after the introduction of the microservices architectures. There are many different proposed approaches to solve this complex problem with the help of static and …",
doi:10.1145/3538641.3561486,A,2022,5,Architectural languages in the microservice era: a systematic mapping study,Research in Adaptive and Convergent Systems,"In modern software systems, Microservice Architecture (MSA) has gained popularity over monolithic design by providing the ability for flexible and independently upgradable services. Although there are considerable benefits that MSA provides, as new microservices are introduced in…",
doi:10.1109/icicas53977.2021.00059,A,2021,4,A Review of Bad Smells in Cloud-based Applications and Microservices,"2021 International Conference on Intelligent Computing, Automation and Systems (ICICAS)","Cloud- and Microservice-based applications are continuously gaining attention in the field of practical software engineering as well as in academic research, but the bad practices exist in such applications have not yet been systematically discussed and analyzed. Moreover, the im…",
doi:10.14313/jamris/1-2022/8,A,2022,4,Migrating Monoliths to Microservices Integrating Robotic Process Automation into the Migration Approach,"Journal of Automation, Mobile Robotics & Intelligent Systems","Abstract This research should help scholars and practitioners to manage the transition of monolithic legacy application systems to microservices and to better understand the migration process, its steps, and its characteristics. It should also provide guidance on how best to appr…",
doi:10.5753/cibse.2024.28435,A,2024,4,Migration of Monolithic Systems to Microservices using AI: A Systematic Mapping Study,Conferencia Iberoamericana de Software Engineering,"The popularity of microservices architecture has been increasing considerably because of its capacity to alleviate monolithic architecture issues. Nonetheless, the migration of monolith systems to microservices is a complex task. This work aims to analyze and characterize the sta…",
doi:10.21681/2311-3456-2021-2-71-80,A,2021,4,Security audit logging in microservice-based systems: survey of architecture patterns,Voprosy kiberbezopasnosti,Objective. Service-oriented architecture increases technical abilities for attacker to move laterally and maintain multiple pivot points inside of compromised environment. Microservice-based infrastructure brings more challenges for security architect related to internal event vi…,
doi:10.23919/cisti58278.2023.10211834,A,2023,4,A Systemic Mapping of Methods and Tools for Performance Analysis of Data Streaming with Containerized Microservices Architecture,Iberian Conference on Information Systems and Technologies,"With the Internet of Things (IoT) growth and customer expectations, the importance of data streaming and streaming processing has increased. Data Streaming refers to the concept where data is processed and transmitted continuously and in real-time without necessarily being stored…",
doi:10.38124/ijsrmt.v3i4.407,A,2024,3,Evaluating Serverless Computing and Microservices Impact on Scalable Cloud-Native Applications and Blockchain Interoperability Frameworks,International Journal of Scientific Research and Modern Technology,"The rapid evolution of cloud-native applications has intensified the demand for scalable, flexible, and cost-efficient architectures. Serverless computing and microservices have emerged as transformative paradigms, enabling dynamic resource management and modular system design fo…",
doi:10.1134/s0361768824700749,A,2024,3,Domain-Driven Design in Microservices-Based Systems Development: A Systematic Literature Review and Thematic Analysis,Programming and computer software,,
doi:10.3991/ijim.v18i10.45929,A,2024,3,Containerized Microservices for Mobile Applications Deployed on Cloud Systems,International Journal of Interactive Mobile Technologies,"This study explores the transformative role of containerized microservices in the sphere of mobile application development, especially within public cloud ecosystems. It focuses on how technologies such as Docker and Kubernetes contribute to improving deployment, scalability, and…",
doi:10.1109/icst62969.2025.10989000,A,2025,3,A Taxonomy of Integration-Relevant Faults for Microservice Testing,International Conference on Information Control Systems & Technologies,"Microservices have emerged as a popular architectural paradigm, offering a flexible and scalable approach to software development. However, their distributed nature and diverse technology stacks introduce inherent complexities, surpassing those of monolithic systems. The integrat…",
doi:10.37547/tajet/volume07issue05-10,A,2025,3,Optimization of Microservices Architecture Performance in High-Load Systems,The American Journal of Engineering and Technology,"The article addresses the issue of optimizing the performance of microservices architecture under high-load conditions. Based on a systematic literature review, six key quality attributes of microservices are identified: scalability, performance, availability, manageability, secu…",
doi:10.1007/s00607-025-01540-w,A,2025,3,"A systematic mapping study on observability of microservices-based applications: fundamentals, classifications, and challenges",Computing,,
doi:10.5220/0012633300003690,A,2024,3,Modernization of Legacy Systems to Microservice Architecture: A Tertiary Study,International Conference on Enterprise Information Systems,": Modernization of legacy systems to Microservice Architecture (MSA) has been a subject of interest in both academia and industry. MSA facilitates the development of systems by composing them as a collection of small, loosely coupled, and independent services. Despite the importa…",
doi:10.1109/conisoft58849.2023.00014,A,2023,3,Domain-Driven Design for Microservices Architecture Systems Development: A Systematic Mapping Study,2023 11th International Conference in Software Engineering Research and Innovation (CONISOFT),"Domain-Driven Design (DDD) is an approach that proposes to align business and technical concerns through analysis of the business domain. Microservices practitioners have adopted this approach in software development. However, there is no certainty of the patterns, techniques, an…",
doi:10.1109/conisoft52520.2021.00016,A,2021,3,Microservices Deployment: A Systematic Mapping Study,2021 9th International Conference in Software Engineering Research and Innovation (CONISOFT),"The microservices architecture is a set of small, autonomous services that can work together to form a single application that has seen widespread adoption by practitioners. However, deploying this architecture creates several technical challenges. This study examines the state o…",
doi:10.3390/asi8040086,A,2025,3,A Systematic Mapping Study on the Modernization of Legacy Systems to Microservice Architecture,Applied System Innovation,"Microservice architecture (MSA) has garnered attention in various software communities because of its significant advantages. Organizations have also prioritized migrating their legacy systems to MSA, seeking to gather the intrinsic advantages of this architectural style. Despite…",
doi:10.21015/vtcs.v12i1.1808,A,2024,3,Transition Strategies from Monolithic to Microservices Architectures: A Domain-Driven Approach and Case Study,VAWKUM Transactions on Computer Sciences,"This paper focuses on the systematic mapping of monolithic applicationsto microservices architecture, a popular alternative in the software development industry.The research examines the advantages of microservices and the challenges organizationsencounter during the transition f…",
doi:10.1145/3528226.3528371,A,2022,3,How Blockchain and Microservices are Being Used Together: a Systematic Mapping Study,International Workshop on Emerging Trends in Software Engineering for Blockchain,"Microservices and blockchain are recent technologies that are at-tracting attention not only individually, but also when used together to achieve a certain goal. This study aims to map how both tech-nologies have been integrated with applications, presenting the state of the art …",
doi:10.48550/arxiv.2309.03796,A,2023,3,Systematic Mapping of Monolithic Applications to Microservices Architecture,arXiv.org,The aim of this paper to provide the solution microservices architecture as a popular alternative to monolithic architecture. It discusses the advantages of microservices and the challenges that organizations face when transitioning from a monolithic system. It presents a case st…,
doi:10.1109/access.2025.3618990,A,2025,2,Semantic Approaches to Microservice Identification: A Systematic Literature Review,IEEE Access,"Decomposition of monolithic systems into microservice architectures has become a critical challenge in modern software engineering. Whereas traditional approaches rely primarily on structural analysis, emerging semantic approaches promise more accurate decomposition by incorporat…",
doi:10.1007/s10207-024-00907-y,A,2024,2,Guiding the implementation of data privacy with microservices,International Journal of Information Security,"Privacy by design is nowadays recognized as essential in bringing data privacy into software systems. However, developers still face many challenges in reconciling privacy and software requirements and implementing privacy protections in software systems. One emerging trend is th…",
doi:10.1109/incet57972.2023.10170375,A,2023,2,A Systematic Review on the Identification and Classification of Patterns in Microservices,2023 4th International Conference for Emerging Technology (INCET),"Determining patterns in monolithic systems to help improve the overall system development and maintenance has become quite commonplace. However, recognizing the patterns that have emerged (or are emerging) in cloud computing - especially with respect to microservices, is challeng…",
doi:10.1109/inciscos49368.2019.00056,A,2019,2,A Systematic Literature Review on Composition of Microservices through the Use of Semantic Annotations: Solutions and Techniques,International Conference Information Systems and Computer Science,"The aim of semantic web is to provide meaning to data shared by a network, therefore making it readable by humans and computer applications. The objective of this is to give the information and services a well-defined meaning by tagging web content with machine processable descri…",
doi:10.15514/ispras-2021-33(1)-6,A,2021,2,Patterns Related to Microservice Architecture: a Multivocal Literature Review,Proceedings of the Institute for System Programming of RAS,"A Microservice Architecture enables the development of distributed systems using a set of highly cohesive, independent, and collaborative services, ready for current cloud computing demands. Each microservice can be implemented in different technologies, sharing common communicat…",
doi:10.5121/ijnsa.2021.13607,A,2021,2,Information and Communication Security Mechanisms For Microservices-based Systems,International journal of network security and its applications,"Security has become paramount in modern software services as more and more security breaches emerge, impacting final users and organizations alike. Trends like the Microservice Architecture bring new security challenges related to communication, system design, development, and op…",
doi:10.1109/icdici66477.2025.11135409,A,2025,2,Retail Digital Transformation Through Microservices and Containerized Architectures,2025 6th International Conference on Data Intelligence and Cognitive Informatics (ICDICI),"Modernizing enterprise systems in now necessary because businesses need to be more adaptable, productive, and innovation. The major approach is to adopt microservices architecture and containerization. Microservices split up large apps into smaller services that can work independ…",
doi:10.1016/j.compeleceng.2025.110550,A,2025,2,A systematic review of QoS enhancement techniques in microservices architecture,Computers & electrical engineering,,
ss:13dcdba274acb14ade18dee8350e8385c3d3307c,A,2023,2,Metrics and Models for Developer Collaboration Analysis in Microservice-Based Systems. A Systematic Mapping Study,IWSM-Mensura,,
doi:10.24215/16666038.25.e11,A,2025,1,Scalability in Microservices: A systematic literature review,Journal of Computational Science and Technology,"The scalability of microservices architectures is crucial for modern software systems, yet it presents significant challenges due to their inherent complexities. This study aims to systematically review existing literature on the scalability of microservices, identifying key stra…",
doi:10.15514/ispras-2024-36(1)-7,A,2024,1,Research Trends and Recommendations for Future Microservices Research,Proceedings of the Institute for System Programming of RAS,"Microservices are the most promising direction for developing heterogeneous distributed software systems capable of adapting to dynamic changes in business and technology. In addition to the development of new software systems, the migration from legacy monolithic systems to micr…",
doi:10.1109/conisoft63288.2024.00026,A,2024,1,System-Oriented Testing on the Microservices Architecture: A Systematic Literature Review,2024 12th International Conference in Software Engineering Research and Innovation (CONISOFT),"The Microservice Architecture (MSA) is gaining popularity in the industry and literature as a raising research topic. This architectural style brings advantages such as independent development, testing, and deployment. However, it is also plagued with many challenges due to its d…",
doi:10.1109/iiai-aai-winter61682.2023.00022,A,2023,1,Analyzing the Impact of Service Design on Maintainability Factor in Microservices Architecture,2023 15th International Congress on Advanced Applied Informatics Winter (IIAI-AAI-Winter),"Applications designed utilizing Microservices Architecture (MSA) provide the desirable trait of good maintainability. To ensure optimal maintainability, it is important to provide services that are suitable and adhere to prescribed rules. Multiple aspects must be taken into accou…",
doi:10.5121/csit.2021.111701,A,2021,1,Confidentiality and Integrity Mechanisms for Microservices Communication,Computer Science and Information Technology Trends,"The microservices architecture tries to deal with the challenges posed by distributed systems, such as scalability, availability, and system deployment; by means of highly cohesive, heterogeneous, and independent microservices. However, this architecture also brings new security …",
doi:10.1109/icicyta68677.2025.11362635,A,2025,1,"Resilient Microservices: A Systematic Review of Recovery Patterns, Strategies, and Evaluation Frameworks",2025 5th International Conference on Intelligent Cybernetics Technology & Applications (ICICyTA),"Microservice-based systems power modern distributed computing environments but remain vulnerable to partial failures, cascading timeouts, and inconsistent recovery behaviors. Although numerous recovery patterns exist, prior reviews are largely descriptive and lack data-driven syn…",
doi:10.1109/sita67914.2025.11273589,A,2025,1,Intelligent Autoscaling Strategies for Cloud-Native Microservices: A Systematic Review,2025 International Conference on Intelligent Systems: Theories and Applications (SITA),"Autoscaling is a cornerstone of cloud-native architectures, enabling dynamic resource management in response to workload fluctuations. This systematic review examines studies from 2018 to 2025 that focus on intelligent autoscaling techniques applied to containerized microservices…",
doi:10.1109/icws67624.2025.00072,A,2025,1,Generative AI-Based Adaptation in Microservices Architectures: A Systematic Mapping Study,2025 IEEE International Conference on Web Services (ICWS),"Microservices have seen widespread adoption in academia and industry. Despite their benefits, challenges persist in resilience, performance, scalability, and adaptation to dynamic contexts. Generative AI (GenAI) has emerged as a promising approach to address these issues, though …",
doi:10.1109/conisoft55708.2022.00033,A,2022,1,Architectural Languages for the Microservices Architecture: A systematic mapping study,2022 10th International Conference in Software Engineering Research and Innovation (CONISOFT),The interest in the research on the architectural languages of microservices architecture has been increasing since 2015. This gives rise to new architectural language proposals to address different microservice-specific challenges. This diversity of architectural languages means…,
doi:10.33333/lajc.vol12n1.05,A,2025,0,Data Domain Servitization for Microservices Architecture,Latin American Journal of Computing,"Microservices have emerged as a software design paradigm where small, autonomous services interact to meet business requirements. However, transitioning from monolithic systems to microservices presents challenges, especially when multiple subdomains share transactional tables to…",
doi:10.1109/c366505.2025.11340184,A,2025,0,Comparative Evaluation of Linkerd and Istio Service Meshes in a Microservices Architecture Application,2025 IEEE Colombian Caribbean Conference (C3),"The purpose of this study is to conduct a comparative evaluation of the Linkerd and Istio service meshes in terms of CPU consumption, RAM memory, and latency in microservice architectures. A problem was identified related to the lack of practical evidence that objectively compare…",
doi:10.5753/jserd.2025.5224,A,2025,0,From Detection to Refactoring of Microservice Bad Smells: A Systematic Literature Review,Journal of Software Engineering Research and Development,"The extensive adoption of microservices architecture by technology companies is driven by its expected advantages, such as scalability, simplicity of development, and resilience, likely due to its cloud-native nature. However, the increasing complexity associated with this archit…",
ss:2cd8b447b8f6e78036414934332923fe2538ce74,A,2018,0,Adoption of microservices in industrial information systems: a systematic literature review,,,
doi:10.1109/iccit62134.2024.10701144,A,2024,0,Comprehensive Framework for Transitioning Monolithic to Microservices in MVC Context,International Conference on Communications and Information Technology,"This systematic literature review explores the transition from monolithic architectures to Model-View-Controller (MVC)-based microservices within web frameworks, addressing a significant gap in existing research. By synthesizing findings from academic databases such as IEEE Xplor…",
ss:2d9e1b0036740ea6a30c4674ab7b7e2f2eb2830e,A,2018,0,ANTTI PARKKONEN ADOPTION OF MICROSERVICES IN INDUSTRIAL INFORMATION SYSTEMS: A SYSTEMATIC LITERATURE REVIEW,,,
doi:10.1109/icts67612.2025.11369715,A,2025,0,Challenges and Mitigation Strategies in Migrating from Monolithic Systems to Microservices: a Systematic Literature Review,2025 15th International Conference on Information & Communication Technology and System (ICTS),"The migration from monolithic to microservice architectures is a prevalent trend in contemporary software engineering, principally aimed at enhancing system scalability, maintainability, and agility. This architectural transition, however, is fraught with considerable technical a…",
ss:5919c846bd909c3676afa212fdb8ce629b1bd290,A,2020,0,Selection Methods for Criticality in Microservices Architectures: A Systematic Mapping,Conferencia Iberoamericana de Software Engineering,,
doi:10.21275/es24809100005,A,2024,0,Automation of Microservices Testing: Effective Strategies and Tools,International Journal of Science and Research (IJSR),: This study aims to provide a comprehensive analysis of microservices testing automation strategies and tools. The research includes a systematic review of existing literature along with practical implementation approaches. The study examines the theoretical foundations of micro…,
doi:10.53469/jrse.2025.07(05).01,A,2025,0,Automated Validation Framework for Microservice Architectures,Journal of Research in Science and Engineering,This study aims to provide a comprehensive analysis of microservices testing automation strategies and tools. The research includes a systematic review of existing literature along with practical implementation approaches. The study examines the theoretical foundations of microse…,
doi:10.59651/digital.v16i2.301,A,2025,0,Microservices in strategic public service delivery: a systematic review and future research agenda for smart governance,Digital Business,"This study investigates how microservices are applied in strategic public service contexts and their alignment with the principles of smart governance. Through a systematic literature review of 23 peer-reviewed articles published between 2015 and 2024, the research employs both b…",
doi:10.1134/s0361768825700422,A,2025,0,Software Testing on Microservices-Based Systems: A Systematic Literature Review and Thematic Analysis,Programming and computer software,,
doi:10.1007/s10586-025-05690-6,A,2025,0,Full stack optimization of microservice architecture: systematic review and research opportunity,Cluster Computing,,
doi:10.11591/eei.v14i3.9099,A,2025,0,"Strategies, characteristics, and research gaps for improving microservices coupling design",Bulletin of Electrical Engineering and Informatics,"The popularity of microservices architecture (MSA) has been pushed by the demand for scalable, maintainable, and efficient applications in the fastchanging digital ecosystem. The objective of this study is to determine strategies for improving service coupling in MSA, analyze the…",
doi:10.1109/sccc67219.2025.11420492,A,2025,0,Machine Learning Techniques in Microservices: A Systematic Mapping,International Conference of the Chilean Computer Science Society,"Microservices architectural design has become increasingly popular due to the enhanced scalability, flexibility, and maintainability of large and complex applications. Machine learning (ML) has emerged as a powerful tool in microservices deployment and management. Although ML tec…",
doi:10.63519/ijcserd_06_01_004,A,2023,0,Ensuring Data Consistency in Enterprise Systems Through Event-Driven Microservices and Distributed Transaction Management,International Journal of Computer Science and Engineering Research and Development,"Aim: This research aims to investigate the fundamental challenges of maintaining data consistency in enterprise systems transitioning from monolithic architectures to event-driven microservices, with the objective of identifying coherent architectural patterns and transaction man…",
doi:10.1109/access.2025.3610272,A,2025,0,Microservices Design Pattern in Action: Improving Modifiability in Microservices-Based Software Development,IEEE Access,"Microservices architecture offers theoretical benefits for software maintainability, yet empirical validation of design patterns’ effectiveness for enhancing modifiability remains limited, with practitioners lacking evidence-based guidance for pattern selection and quantified imp…",
doi:10.52589/ajste-o1g0v4go,A,2025,0,Migrating Monolithic E-commerce Systems to Microservices: A Systematic Review of Event-Driven Architecture Approaches,"Advanced Journal of Science, Technology and Engineering","The transformation from monolithic to microservices architectures in e-commerce systems has gained significant traction as organizations seek enhanced scalability, resilience, and operational agility. This systematic review examines the current state of research on migrating mono…",
doi:10.23939/csn2025.02.114,A,2025,0,OVERVIEW OF MICROSERVICE ARCHITECTURE AND ANALYSIS OF TYPICAL VULNERABILITIES,Computer systems and network,"The article examines the security of microservice architectures in the context of common vulnerabilities that arise in distributed systems. The authors analyze the essence of the microservice approach, which, despite its advantages in scalability and flexibility, introduces new c…",
doi:10.30574/ijsra.2025.15.3.1826,A,2025,0,Systematic review of microservice architecture: Advantages over monolithic systems in cloud environments,International Journal of Science and Research Archive,"This paper examines the characteristics of microservice architecture, highlighting its benefits compared with monolithic systems in cloud environments. The methodology is based on selecting relevant peer-reviewed articles from leading scientific repositories and industry reports.…",
doi:10.1109/esai67033.2025.11438829,A,2025,0,A Comparative Study of Automatic Migration from Monolith App to Microservices,2025 4th International Conference on Embedded Systems and Artificial Intelligence (ESAI),"The move to microservices architecture signifies a key advancement in software development, targeting improved scalability, flexibility, and fault tolerance. This transition is particularly appealing to organizations managing complex, large-scale systems requiring rapid iteration…",
doi:10.23919/cisti58278.2023.10211997,A,2023,0,Microservices-based systems for animal production: a systematic mapping study,Iberian Conference on Information Systems and Technologies,Precision Livestock Farming (PLF) technologies involves the use of devices and computer systems to facilitate continuous monitoring in animal production. Microservices-based software architectures (MSA) have appropriate design patterns for the development of PLF systems that requ…,
ss:c738df021669f1b9b2bbb1529bc5d0fedc8ec890,A,2018,0,Architecting with Microservices: a Systematic Mapping Study,,,
doi:10.5281/zenodo.4082680,A,2020,0,"Replication Package for the Paper: ""Testing Microservices Architecture-Based Applications: A Systematic Mapping Study""",,,
doi:10.1109/tcc.2017.2702586,B,2019,376,Cloud Container Technologies: A State-of-the-Art Review,IEEE Transactions on Cloud Computing,"Containers as a lightweight technology to virtualise applications have recently been successful, particularly to manage applications in the cloud. Often, the management of clusters of containers becomes essential and the orchestration of the construction and deployment becomes a …",
doi:10.20944/preprints201807.0276.v1,B,2018,95,A Brief History of Cloud Application Architectures,Applied Sciences,"This paper presents a review of cloud application architectures and its evolution. It reports observations being made during a research project that tackled the problem to transfer cloud applications between different cloud infrastructures. As a side effect, we learned a lot abou…",
doi:10.1186/s42162-024-00385-5,B,2024,62,"Digital Twins of smart energy systems: a systematic literature review on enablers, design, management and computational challenges",Energy Informatics,"Energy systems, as critical infrastructures (CI), constitute Cyber-Physical-Social Systems (CPSS). Due to their inherent complexity and the importance of service continuity of CIs, digitization in this context encounters significant practical challenges. Digital Twins (DT) have e…",
doi:10.1109/access.2023.3281860,B,2023,50,Toward the Observability of Cloud-Native Applications: The Overview of the State-of-the-Art,IEEE Access,"The Cloud-native model, established to enhance the Twelve-Factor patterns, is an approach to developing and deploying applications according to DevOps concepts, Continuous Integration/Continuous Delivery, containers, and microservices. The notion of observability can help us cope…",
doi:10.1109/icsa-c.2019.00025,B,2019,42,Towards a Collaborative Repository for the Documentation of Service-Based Antipatterns and Bad Smells,2019 IEEE International Conference on Software Architecture Companion (ICSA-C),"While the concepts of object-oriented antipatterns and code smells are prevalent in scientific literature and have been popularized by tools like SonarQube, the research field for service-based antipatterns and bad smells is not as cohesive and organized. The description of these…",
doi:10.1145/3488247,B,2022,41,A Systematic Review on Osmotic Computing,ACM Trans. Internet Things,"Osmotic computing in association with related computing paradigms (cloud, fog, and edge) emerges as a promising solution for handling bulk of security-critical as well as latency-sensitive data generated by the digital devices. It is a growing research domain that studies deploym…",
doi:10.1016/j.jss.2020.110885,B,2020,38,A systematic mapping study on architectural smells detection,Journal of Systems and Software,Abstract The recognition of the need for high-quality software architecture is evident from the increasing trend in investigating architectural smells. Detection of architectural smells is paramount because they can seep through to design and implementation stages if left unident…,
doi:10.1109/icac.2019.00032,B,2019,32,Characterizing Service Level Objectives for Cloud Services: Realities and Myths,International Conference on Automation and Computing,"Service level objectives (SLOs) stipulate performance goals for cloud applications, microservices, and infrastructure. SLOs are widely used, in part, because system managers can tailor goals to their products, companies, and workloads. Systems research intended to support strong …",
doi:10.1016/j.jnca.2019.06.008,B,2019,23,Composition of heterogeneous web services: A systematic review,Journal of Network and Computer Applications,"Abstract Initial developments in Service-Oriented Computing (SOC) led to the development of Web Services using the SOAP protocol and an extensive set of tools and methods for composing new services from those existing. Subsequently, other types of services also emerged, such as e…",
doi:10.5220/0007837000270039,B,2019,23,Designing Software Architecture to Support Continuous Delivery and DevOps: A Systematic Literature Review,International Conference on Software and Data Technologies,"This paper presents a systematic literature review of software architecture approaches that support the implementation of Continuous Delivery (CD) and DevOps. Its goal is to provide an understanding of the state-of-the-art on the topic, which is informative for both researchers a…",
doi:10.1016/j.infsof.2024.107599,B,2024,18,Causal Reasoning in Software Quality Assurance: A Systematic Review,Information and Software Technology,Context: Software Quality Assurance (SQA) is a fundamental part of software engineering to ensure stakeholders that software products work as expected after release in operation. Machine Learning (ML) has proven to be able to boost SQA activities and contribute to the development…,
doi:10.3390/s23041755,B,2023,17,Static-Analysis-Based Solutions to Security Challenges in Cloud-Native Systems: Systematic Mapping Study,Italian National Conference on Sensors,"Security is a significant priority for cloud-native systems, regardless of the system size and complexity. Therefore, one must utilize a set of defensive mechanisms or controls to protect the system from exploitation by potential adversaries. There is an expanding amount of resea…",
doi:10.1186/s43093-025-00436-7,B,2025,17,Entrepreneurial strategies for sustainable growth: a deep dive into cloud-native technology and its applications,Future Business Journal,"The study highlights the impact of cloud-native technology in entrepreneurship for innovative business models, scalability, and cost efficiency by combining the trends including microservices, serverless computing, and technology disruptions. The study attempts to examine the rol…",
doi:10.1109/access.2021.3102668,B,2021,14,Optimization of Business Process Execution in Services Architecture: A Systematic Literature Review,IEEE Access,"Web services have become a standard way to provide functions of information systems. The number of web services grows rapidly with the increasing popularity of microservices architecture. In consequence, many business processes are executed entirely through web services. Therefor…",
doi:10.3390/s25082362,B,2025,13,Challenges and Solution Directions for the Integration of Smart Information Systems in the Agri-Food Sector,Italian National Conference on Sensors,"Traditional farming has evolved from standalone computing systems to smart farming, driven by advancements in digitalization. This has led to the proliferation of diverse information systems (IS), such as IoT and sensor systems, decision support systems, and farm management infor…",
doi:10.48550/arxiv.2310.01905,B,2023,12,"Domain-Driven Design in Software Development: A Systematic Literature Review on Implementation, Challenges, and Effectiveness",Journal of Systems and Software,"Context: Domain-Driven Design (DDD) addresses software challenges, gaining attention for refactoring, reimplementation, and adoption. It centers on domain knowledge to solve complex business problems. Objective: This Systematic Literature Review (SLR) analyzes DDD research in sof…",
doi:10.54660/.ijfmr.2021.2.1.94-100,B,2021,8,Systematic Review of API Gateway Patterns for Scalable and Secure Application Architecture,Journal of Frontiers in Multidisciplinary Research,"In modern software architecture, the API gateway has become a foundational component for enabling scalable, secure, and resilient distributed systems. This paper presents a systematic review of API gateway patterns, synthesizing insights from academic literature and industry docu…",
doi:10.1109/jiot.2024.3435496,B,2024,7,A Systematic Literature Review of IoT System Architectural Styles and Their Quality Requirements,IEEE Internet of Things Journal,"The Internet of Things (IoT) is increasingly prevalent, with systems developed across various domains. Choosing the right IoT architectural style is challenging due to the diversity of devices, dynamic environments, and real-time data needs. This choice significantly impacts syst…",
doi:10.9734/ajrcos/2025/v18i5652,B,2025,6,"Enhancing Financial Cybersecurity in Cloud Engineering: A Systematic Review of Threats, Mitigation Strategies and Regulatory Compliance",Asian Journal of Research in Computer Science,"Aims: This review analyses the intersection of cloud engineering and cybersecurity in the financial sector, highlighting how advanced cloud technologies can improve defences against cyber threats for safe evolution. The aim is to examine modern methodologies, frameworks, and tech…",
doi:10.1109/access.2024.3402832,B,2024,6,Prioritizing DevOps Implementation Guidelines for Sustainable Software Projects,IEEE Access,"The DevOps paradigm is increasingly being adopted in the software industry. To achieve sustainable DevOps adoption, organizations need to transform their culture, embrace automation, implement measurement practices, and foster sharing of knowledge and information (referred to as …",
doi:10.34190/eccws.21.1.295,B,2022,6,Building Software Applications Securely with DevSecOps: A Socio-Technical Perspective,European Conference on Cyber Warfare and Security,"While continuous real-time software delivery practices induced by agile software development approaches create new business opportunities for organizations, these practices also present new security challenges in the DevOps environment. DevSecOps attempts to incorporate advanced …",
doi:10.1155/2023/5934548,B,2023,6,"A Systematic Literature Review on Service Composition for People with Disabilities: Taxonomies, Solutions, and Open Research Challenges",Computational Intelligence and Neuroscience,"Integrating smart heterogeneous objects, IoT devices, data sources, and software services to produce new business processes and functionalities continues to attract considerable attention from the research community due to its unraveled advantages, including reusability, adaptati…",
doi:10.48550/arxiv.2410.00623,B,2024,5,Adoption and Adaptation of CI/CD Practices in Very Small Software Development Entities: A Systematic Literature Review,arXiv.org,"This study presents a systematic literature review on the adoption of Continuous Integration and Continuous Delivery (CI/CD) practices in Very Small Entities (VSEs) in software development. The research analyzes 13 selected studies to identify common CI/CD practices, characterize…",
doi:10.62225/2583049x.2023.3.6.4323,B,2023,5,Systematic Review of Integration Techniques in Hybrid Cloud Infrastructure Projects,International Journal of Advanced Multidisciplinary Research and Studies,"The growing adoption of hybrid cloud infrastructures combining public and private cloud environments has introduced complex integration challenges for organizations striving to optimize performance, scalability, and data security. This systematic review aims to evaluate and synth…",
doi:10.47709/brilliance.v5i1.5971,B,2025,5,Trends and Best Practices in API-Based Web Development Using Laravel and React,Brilliance Research of Artificial Intelligence,"Modern web development is undergoing a paradigm shift marked by the increasing adoption of API-based architectures that decouple frontend and backend responsibilities. This separation enables the development of modular, scalable, and maintainable applications, particularly throug…",
doi:10.54660/.ijmrge.2022.2.1.995-1001,B,2022,5,Systematic Review of Application Modernization Strategies Using Modular and Service-Oriented Design Principles,International Journal of Multidisciplinary Research and Growth Evaluation,"This systematic review examines application modernization strategies through the lens of modular and service-oriented design principles, exploring their effectiveness in contemporary software development. As organizations face the challenges of transitioning from legacy systems t…",
doi:10.3389/fdgth.2025.1694839,B,2025,4,Architectural patterns for health information systems: a systematic review,Frontiers Digit. Health,"Background Health information systems (HIS) are critical for digital health transformation, yet fragmentation and poor interoperability adoption remains a major challenge. Objectives This study systematically reviews architectural patterns used in HIS and evaluates their alignmen…",
doi:10.1007/s10009-024-00767-w,B,2024,4,Open source container orchestration for Industry 4.0 – requirements and systematic feature analysis,International Journal on Software Tools for Technology Transfer (STTT),"Container-based virtualization is a popular technique, e.g., to realize microservice architectures. Recently, containers became popular in Industry 4.0 / IIoT systems, which typically consist of hundreds of (edge) devices and machines. In such setups, efficient management of cont…",
doi:10.37301/elect.v1i2.61,B,2022,4,EFL STUDENTS’ RESPONSES ON ONLINE LEARNING PROCESS DURING COVID-19 SITUATION IN INDONESIA,English Language Education and Current Trends (ELECT),"Indonesian EFL students faced online teaching and learning in such a rapid process. Therefore, this research was carried out to search for EFL students in Indonesia about their responses on teaching and learning online. This research applied the action research method with the pa…",
doi:10.63125/cfvg2v45,B,2021,4,DATA-DRIVEN DECISION SUPPORT IN INFORMATION SYSTEMS: STRATEGIC APPLICATIONS IN ENTERPRISES,International Journal of Scientific Interdisciplinary Research,"This systematic review synthesizes contemporary evidence on data-driven decision support tools in Information Systems with a focus on strategic applications in service-oriented enterprises and enterprise planning. Following a registered protocol aligned to PRISMA, we searched maj…",
doi:10.48550/arxiv.2303.11121,B,2023,3,Towards Sustainable DevOps: A Decision Making Framework,arXiv.org,"In software industry, the DevOps is an increasingly adopting software development paradigm. Towards the sustainable DevOps adoption, there is a need to transform the organization Culture, Automation, Measurement and Sharing (CAMS) aspects concerning to core theme of continues dev…",
doi:10.1002/stvr.70006,B,2025,3,Ensuring Syntactic Interoperability Using Consumer‐Driven Contract Testing,"Software testing, verification & reliability","Integrating services in service‐based architectures is a major concern and challenge to their developers. A key problem is that today's compilers cannot ensure syntactic interoperability of web APIs. Without further help, invalid calls surface only at runtime. Microservice‐based …",
doi:10.34010/injuratech.v2i2.8364,B,2022,2,DevOps Main Area and Core Capabilities Adopting DevOps in the Last Decade: A Systematic Literature Review,International Journal of Research and Applied Technology,"DevOps is a collaboration between software development and operation that utilizes frameworks like continuous integration, microservices, continuous delivery, and continuous deployment for an agile software development process. DevOps has principles like automation, iteration, an…",
doi:10.3390/fi17110496,B,2025,2,Modular Monolith Architecture in Cloud Environments: A Systematic Literature Review,Future Internet,Modular monolithic architecture (MMA) has recently emerged as a hybrid architecture that is positioned between traditional monoliths and microservices. It combines operational simplicity with modularity and maintainability. Although industry adoption of the architecture is growin…,
doi:10.22214/ijraset.2023.52792,B,2023,2,A Systematic Review: Digital Twin in Healthcare,International Journal for Research in Applied Science and Engineering Technology,"Abstract: In recent years, patient-specific, precise treatment and diagnosis have been needed in order to advance efficiency in the healthcare domain. Digital Twin (DT) is a technology that pin-points the Industry 4.0 Revolution. Apart from the manufacturing and automotive indust…",
doi:10.17081/invinno.9.3.5314,B,2021,2,Problemas en la Implementación de Pruebas en Sistemas de Microservicios: Estudio de Mapeo Sistemático,Investigación e Innovación en Ingenierías,Objetivo: En el trabajo se construyó un SMS (Systematic Mapping Study) para la identificación y clasificación de problemas y causas en la realización de pruebas en la MSA (Micro-Service Architecture). Metodología: Este SMS adoptó prácticas establecidas en ingeniería de software b…,
doi:10.59200/icarti.2023.021,B,2023,1,Orchestration Tools For Efficient Deployment of IoT Applications In Fog Computing: A Systematic Review,International Conference on Artificial Intelligence and its Applications,Internet of Things (IoT) is the developing technology that enables devices to communicate without human interaction. IoT utilizes cloud computing services to collect and process data for IoT devices and to manage the device remotely. Cloud computing is not efficient enough to han…,
doi:10.1109/iestec54539.2022.00042,B,2022,1,A Systematic Review of the Software Architectures for the Development of Mobile Applications in Education,"2022 8th International Engineering, Sciences and Technology Conference (IESTEC)","Currently, mobile devices have gone from being objects of entertainment and socialization, to become work tools, powered by applications that facilitate the fulfillment of these tasks. This means not only understanding the problem to be solved, but also the schematization of the …",
doi:10.1108/dlp-03-2022-0024,B,2022,1,A literature review on digital content management: trends and future challenges,Digital Library Perspectives,"Purpose The purpose of this study is to review the literature on digital content management (DCM) published between 2001 and 2021, as well as to provide insights and research directions for the future.   Design/methodology/approach This study followed the systematic literature re…",
doi:10.37118/ijdr.30218.10.2025,B,2025,1,Big data in agriculture: leveraging large datasets to analyse and improve rice production for better decision-making and operational efficiency,International Journal of Development Research,"This expanded systematic literature review examines big data technologies in rice production systems through comprehensive analysis of 111 peer-reviewed publications from multiple databases (Google Scholar, PubMed, SciSpace, ArXiv) spanning 2014-2025. The review synthesizes evide…",
doi:10.1109/icicet59348.2024.10616327,B,2024,1,Navigating the Landscape: An In-Depth Exploration of Modern Application Development Methodologies and Practices,2024 International Conference on Innovations and Challenges in Emerging Technologies (ICICET),"Modern software development is a dynamic landscape, continually shaped by evolving technologies, methodologies, and organizational demands. This research paper delves into the intricate web of modern application development methodologies and practices, aiming to provide a compreh…",
doi:10.1109/icimia67127.2025.11200906,B,2025,1,"Blockchain in Disaster Management: A Systematic Review of Emerging Frameworks, Applications, and Future Directions",International Conference on Innovative Mechanisms for Industry Applications,"Blockchain technology has been identified as a potential facilitator of increased transparency, trust, and coordination in different stages of disaster management. The current systematic review integrates latest developments on blockchain-based systems for disaster preparedness, …",
doi:10.5753/sbsi.2025.246619,B,2025,1,Guidelines for Adoption Micro-frontend Architecture,Brazilian Symposium on Information Systems,"Context: The rapid evolution of software development has led to challenges when integrating new technologies into monolithic frontend architectures. While microservices advanced backend modularity, frontends often face issues like code redundancy, scalability, and lack of modular…",
doi:10.5220/0013015400003825,B,2024,1,Microfront-End: Systematic Mapping,International Conference on Web Information Systems and Technologies,": In the context of backend development, adopting microservices has brought new challenges to frontend integration, leading to the development of microfrontends. Monolithic frontends go against the principles of microservices specialization, requiring a more modular approach. Thi…",
doi:10.1109/scored68498.2025.11399064,B,2025,0,Exploring the Role of RAG in Cloud-Based Monolithic Chatbots: A Systematic Review,Student Conference on Research and Development,"Even while the majority of research uses RAG in modular or microservices designs, many real-world implementations still rely on cloud-hosted, monolithic systems, particularly in the healthcare, education, and corporate sectors. We used PRISMA principles to perform a systematic li…",
doi:10.1051/itmconf/20257901017,B,2025,0,Risk-Oriented Analysis and Mitigation Strategies for SOA-to-MSA Migration,ITM Web of Conferences,"Microservices Architecture (MSA) signifies a critical approach in the efforts by the organizations to improve the agility, scalability and effectiveness of their systems in contemporary enterprise environments. Nonetheless, this change is associated with technical, organisational…",
doi:10.1109/icoact63339.2025.11005170,B,2025,0,AI-Enhanced Anomaly Detection in Software-Defined Networks,2025 International Conference on Advanced Computing Technologies (ICoACT),"The advent of Software-Defined Networks (SDN) introduces centralized management, enabling scalability to support a significantly larger number of devices than traditional networks. However, this scalability generates extensive monitoring data, necessitating advanced analysis tech…",
doi:10.1109/temsconlatam65810.2025.11238550,B,2025,0,"Prototype of a Web Platform that Identifies Levels of Critical Thinking in University Students, based on the PC-B Test & PC-A Test1",2025 IEEE Technology and Engineering Management Society (TEMSCON LATAM),"The development of critical thinking skills is vital in higher education. To support this, a web platform powered by artificial intelligence was created at CECAR to assess these skills through the PC-B and PC-A tests, targeting basic and advanced levels. Built on a strong theoret…",
doi:10.30574/wjaets.2025.15.2.0459,B,2025,0,Demystifying data pipelines for AI-driven financial systems,World Journal of Advanced Engineering Technology and Sciences,"This article examines the critical role of data pipelines in modern financial systems, particularly their function in enabling AI-driven analytics and decision-making processes. Through a systematic literature review and case study implementation at Jasper AI, we explore the arch…",
doi:10.1109/ichora65333.2025.11016980,B,2025,0,Identifying Limitations in End-to-End Testing: A Systematic Review of Coverage Analysis Techniques,"2025 7th International Congress on Human-Computer Interaction, Optimization and Robotic Applications (ICHORA)","End-to-end (E2E) testing plays a crucial role in ensuring the seamless functionality of modern software systems by validating entire workflows across user interfaces, backend services, and integrated components. As software architectures evolve with dynamic web applications, even…",
doi:10.1109/csr64739.2025.11130035,B,2025,0,Security Challenges and Solutions in Containerized Environments: A Comprehensive Review,Computer Science Symposium in Russia,The widespread adoption of containerization technologies has introduced novel security challenges that require systematic investigation and innovative mitigation strategies. This paper presents a comprehensive review of contemporary research on security aspects of containerized s…,
doi:10.59324/ejsmt.2025.1(6).27,B,2025,0,Strategic Imperatives and Technological Paradigms for Creating Modern CRM Systems: From Process Reengineering to Intelligent Automation,EJSMT,"The article undertakes an extended, interdisciplinary analysis of the strategic, methodological, and technological prerequisites for the formation of modern customer relationship management (CRM) systems. The purpose of the study is the development and theoretical substantiation …",
doi:10.30574/wjaets.2025.16.1.1180,B,2025,0,Cloud-native architecture transformation strategies for legacy systems in regulated industries,World Journal of Advanced Engineering Technology and Sciences,"Legacy systems remain the backbone of mission-critical operations in highly regulated sectors such as healthcare, finance, and government. Those legacy systems, however, do not typically possess the agility, scalability, and resiliency required to perform in today's digital envir…",
doi:10.1109/icecet63943.2025.11472208,B,2025,0,AI-Powered Service-Based ADAS Systems: A Preliminary Systematic Literature Review,"2025 5th International Conference on Electrical, Computer and Energy Technologies (ICECET)","The integration of Artificial Intelligence (AI) into Advanced Driver Assistance Systems (ADAS) is transforming vehicle safety and autonomy, improving real-time decision making for safe and efficient driving. Several previous works have surveyed the use of AI in ADAS and the servi…",
doi:10.70315/uloap.ulirs.2024.0102013,B,2024,0,Architectural Models for Building Scalable SaaS Platforms for the Automation of Corporate Business Processes,Universal Library of Innovative Research and Studies,"The rapid expansion of the global Software-as-a-Service (SaaS) market, which exceeded USD 358 billion in 2024 and is projected to reach USD 1.25 trillion by 2034, has made the problem of selecting optimal architectural models for the development of corporate automation platforms …",
doi:10.1109/ictmod63116.2024.10878172,B,2024,0,Software Architecture for Co-Innovation Projects,"2024 IEEE International Conference on Technology Management, Operations and Decisions (ICTMOD)","Purpose Innovation is essential for competitive advantage and business growth and can be driven by approaches like open innovation (OI) and co-innovation (COI). Because of the complexity of innovation, traditional project management principles cannot be implemented to innovation …",
doi:10.15662/ijrpetm.2022.0502006,B,2022,0,"Orchestrating Public Health Intelligence: Project-Driven Architectures for Scalable Disease Surveillance Systems A Comprehensive Analysis of Modern Surveillance Infrastructure, Interoperability Standards, and Artificial Intelligence Integration","International journal of research publications in engineering, technology and management","ABSTRACT: Background: The global burden of infectious diseases necessitates robust surveillance systems capable of early detection, rapid response, and scalable data integration. Traditional surveillance architectures have demonstrated significant limitations during recent pandem…",
doi:10.15381/risi.v17i2.29666,B,2024,0,Una revisión sistemática de la literatura: análisis de riesgos en la migración de arquitectura monolitica a microservicio,Revista de investigación de Sistemas e Informática,"Since 2011, the term ""microservices"" began to be articulated as an evolution of service-oriented architecture, standing out for its focus on small, independent services aligned with business objectives. With the rise of technologies such as containers and orchestration tools, mic…",
doi:10.30574/wjarr.2025.28.1.3468,B,2025,0,Dependency Management Strategies in Scalable Monorepositories: Analysis and Resolution of Version Conflicts,World Journal of Advanced Research and Reviews,"Against the backdrop of the expansion of microservice architectures and Platform Engineering practices, monorepositories serve as a key mechanism for standardizing the software development lifecycle. At the same time, their growth exacerbates the phenomenon whereby version incomp…",
doi:10.65521/ijeecs.v14i2.2103,B,2025,0,"A Systematic Review of Combinatorial Testing Strategies for Cross-Border E-Commerce Platforms: Methods, Architectures, and Future Research Directions","International journal of electrical, electronics and computer systems","Cross-border e-commerce platforms have significantly transformed global trade by enabling seamless transactions between buyers and sellers across diverse geographical regions. These platforms operate in complex environments characterized by varied user preferences, multiple payme…",
doi:10.65521/ijacte.v14i2.2029,B,2025,0,"A Systematic Review of Social Media Analytics Pipelines: Verification, Optimization, and Scalable Computing Perspectives",International Journal on Advanced Computer Theory and Engineering,"Social media platforms generate vast volumes of dynamic, heterogeneous, and real-time data, making them valuable for analytics in domains such as marketing, healthcare, disaster management, and public policy. To extract meaningful insights, organizations rely on social media anal…",
doi:10.3897/jucs.139725,B,2024,0,Editorial,Journal of universal computer science (Online),"Dear Readers,  It gives me great pleasure to announce the tenth regular issue of 2024. I would like to thank all the authors for their sound research papers and the editorial board and our guest reviewers for their extremely valuable reviews and suggestions for improvement. These…",
doi:10.65521/intjournalrecadvengtech.v14i2.2166,B,2025,0,"A Systematic Review of Spectral Graph Methods for Zero-Trust Enterprise Networks: Methods, Architectures, and Future Research Directions",International journal of recent advances in engineering & technology,"Zero-Trust Enterprise Networks (ZTEN) have emerged as a vital security paradigm in modern distributed systems, emphasizing strict identity verification and continuous monitoring instead of traditional perimeter-based defenses. As enterprise infrastructures grow more complex due t…",
